query,dietary_restriction,response,success,error,trace_id,query_id,label,reasoning,confidence,labeled
Keto breakfast that I can meal prep for the week,keto,"Certainly! Here's a delicious and easy-to-make Keto Egg Muffins recipe that you can prepare in advance for the week. These muffins are rich in protein, low in carbs, and perfect for a quick breakfast.

**Keto Egg Muffins (Serves 2, makes about 10 muffins)**

### Ingredients:
- 6 large eggs
- 1/2 cup shredded cheddar cheese (or any keto-friendly cheese)
- 1/2 cup cooked spinach, chopped (or you can use kale or broccoli)
- 1/4 cup cooked bacon bits or crumbled cooked sausage (optional)
- 1/4 teaspoon salt
- 1/4 teaspoon black pepper
- 1/4 teaspoon garlic powder
- Non-stick spray or silicone muffin liners

### Instructions:

1. **Preheat your oven** to 350°F (175°C). Prepare a muffin tin by spraying it with non-stick spray or lining with silicone muffin liners to prevent sticking.

2. **Cook the vegetables and meats** beforehand if using fresh ingredients:
   - Sauté spinach in a pan with a tiny bit of oil until wilted, then chop.
   - Cook bacon or sausage thoroughly, then crumble or chop into small pieces.
   
3. **In a large mixing bowl**, crack the eggs and whisk thoroughly until well combined.

4. Add the shredded cheese, chopped spinach, bacon/sausage, salt, pepper, and garlic powder into the eggs. Mix until evenly incorporated.

5. **Pour the mixture** into the prepared muffin cups, filling each about 3/4 full. This helps them to rise without overflowing.

6. **Bake in the preheated oven** for 20-25 minutes, or until the eggs are set and starting to turn golden on top.

7. **Let the muffins cool** for a few minutes in the pan, then transfer to a wire rack.

8. **Store** the cooled muffins in an airtight container in the refrigerator. They will keep well for up to 5 days.

9. **Reheat** in the microwave for about 30 seconds to 1 minute before serving.

### Serving idea:
Enjoy these egg muffins rolled up with some avocado slices or a side of cherry tomatoes for a complete Keto breakfast.

Enjoy your healthy, convenient, and delicious meal prep!",True,,3_21,3,PASS,"The recipe uses keto-friendly, low-carb ingredients: eggs, cheese, and low-carb vegetables (spinach/kale/broccoli). Optional bacon or sausage can fit keto if chosen without added sugars or fillers; portion is small. Seasonings are negligible in carbs. Baking method is fine. Suggested sides (avocado, small amount of cherry tomatoes) are keto-compatible if portions are modest. Overall carb load per muffin is very low, aligning with keto targets.",HIGH,True
Nut-free lunch that's safe for my kid's school,nut-free,"Certainly! Here's a tasty, nut-free, school-safe lunch idea: **Chicken and Veggie Wraps**. This is a nutritious and portable option that kids love.

### Ingredients (for 2 servings):
- 2 large whole wheat tortillas
- 1 cooked chicken breast, sliced
- 1 small cucumber, thinly sliced
- 1 small red bell pepper, thinly sliced
- 1 carrot, grated
- 2 tablespoons plain Greek yogurt
- 1 teaspoon Dijon mustard (optional)
- Salt and pepper to taste
- Lettuce leaves (romaine or iceberg)

### Instructions:

1. **Prepare the Spread:**
   - In a small bowl, mix the plain Greek yogurt with the Dijon mustard (if using). Add a pinch of salt and pepper, and stir to combine. This will add flavor and moisture to the wraps.

2. **Warm the Tortillas:**
   - Lightly warm the tortillas in a dry skillet over medium heat for about 10 seconds on each side, or microwave them for 10 seconds. Warming makes them more pliable and easier to roll.

3. **Assemble the Wraps:**
   - Lay each tortilla flat on a clean plate.
   - Spread half of the yogurt mixture evenly over the center of each tortilla, leaving about an inch border.
   - Place a couple of lettuce leaves on top of the spread.
   
4. **Add the Fillings:**
   - Distribute the sliced chicken breast evenly over the lettuce.
   - Top with cucumber slices, red bell pepper strips, and grated carrots.

5. **Roll the Wraps:**
   - Starting from one edge, carefully roll the tortilla tightly over the fillings, tucking in the sides as you go, to form a secure wrap.
   
6. **Slice and Pack:**
   - Slice each wrap diagonally in half to make them easier to eat.
   - Pack them in an airtight container or lunchbox.

### Serving:
- This recipe makes 2 wraps, enough for 2 kids or 1 adult with leftovers.
- You can include a side of fresh fruit or a small yogurt for a complete lunch.

Enjoy this colorful, nutritious, nut-free lunch that's perfect for school!",True,,59_18,59,PASS,"The recipe contains no peanuts, tree nuts, nut butters, or nut oils. Ingredients listed (whole wheat tortillas, chicken, cucumber, bell pepper, carrot, Greek yogurt, Dijon mustard, lettuce, salt, pepper) are inherently nut-free. Preparation method does not introduce nuts. While label-checking for cross-contamination is advisable for school settings, the explicit ingredients and method comply with a nut-free restriction.",HIGH,True
Sugar-free dessert that doesn't taste like sadness,sugar-free,"Let's make a **Creamy Lemon Greek Yogurt Parfait**—a bright, refreshing, sugar-free dessert that tastes indulgent without any added sugar. It's perfect for 2 people.

### Ingredients:
- 1 cup plain Greek yogurt (full-fat or 2%)
- 1 tablespoon honey or a sugar substitute like stevia (optional, for a touch of sweetness)
- 1 teaspoon vanilla extract
- 1 lemon (zested and juiced)
- 1/2 cup fresh berries (strawberries, blueberries, or raspberries)
- 1/4 cup chopped nuts (almonds or walnuts)
- Fresh mint leaves for garnish (optional)

### Instructions:

1. **Prepare the Yogurt Base:**  
   In a medium bowl, combine the Greek yogurt with honey (or stevia), vanilla extract, and lemon zest. Mix thoroughly until smooth and well incorporated. Squeeze in the lemon juice, stirring again to add brightness.

2. **Layer the Parfait:**  
   Take two glasses or small jars. Start by spooning a layer of the lemon Greek yogurt into the bottom of each.  
   Add a few fresh berries on top of the yogurt layer for sweetness and color.  
   Repeat the layers: yogurt, berries, until you reach the top, finishing with a layer of berries.

3. **Add the Crunch:**  
   Sprinkle chopped nuts on the top layer for texture and added flavor.

4. **Garnish & Serve:**  
   Garnish each parfait with a sprig of fresh mint if desired.  
   Serve immediately or refrigerate for up to 2 hours for a chilled, refreshing treat.

### Tips:
- You can swap berries for other fresh fruits like sliced kiwi or peaches based on availability.
- To keep it entirely sugar-free, omit the honey or substitute with a sweetener like stevia to taste.

Enjoy this creamy, tangy, and satisfying dessert—delicious without the guilt!",True,,37_27,37,FAIL,"The recipe lists honey as an ingredient (even if optional), which is an added sugar and violates a sugar-free restriction. Additionally, the tips suggest swapping in higher-sugar fruits like kiwi or peaches; the provided definition prohibits 'high-sugar ingredients,' not just added sugars. While the note to use stevia instead of honey could make it compliant, the recipe as written does not clearly adhere without risking violations.",MEDIUM,True
I eat pretty clean most of the time,whole30,"Great! I recommend trying a **Lemon Herb Grilled Chicken with Quinoa and Roasted Vegetables**. It’s a wholesome, flavorful, and clean-eating meal perfect for lunch or dinner, serving 2 people. Here’s how to make it:

### Ingredients:
- 2 boneless, skinless chicken breasts
- 1 cup quinoa
- 1 medium zucchini, sliced
- 1 bell pepper (any color), sliced
- 1 cup cherry tomatoes
- 2 tablespoons olive oil
- 2 cloves garlic, minced
- 1 lemon (zest and juice)
- 1 teaspoon dried oregano
- 1 teaspoon dried thyme
- Salt and freshly ground black pepper to taste
- Fresh parsley or basil for garnish (optional)

### Instructions:

#### 1. Marinate the Chicken:
- In a small bowl, combine 1 tablespoon olive oil, lemon zest, lemon juice, minced garlic, oregano, thyme, salt, and pepper.
- Place the chicken breasts in a resealable bag or shallow dish and pour the marinade over them.
- Let it marinate in the fridge for at least 30 minutes to absorb all the flavors.

#### 2. Prepare Quinoa:
- Rinse the quinoa under cold water using a fine mesh strainer.
- In a medium saucepan, bring 2 cups of water to a boil.
- Add the quinoa, reduce heat to low, cover, and simmer for 15 minutes or until all water is absorbed.
- Fluff with a fork and set aside.

#### 3. Roast Vegetables:
- Preheat your oven to 400°F (200°C).
- Toss zucchini, bell pepper, and cherry tomatoes with 1 tablespoon olive oil, a pinch of salt, and pepper.
- Spread them on a baking sheet in a single layer.
- Roast for about 15-20 minutes, until tender and slightly caramelized.

#### 4. Grill the Chicken:
- Heat a grill or grill pan over medium-high heat.
- Remove chicken from marinade and cook for about 6-7 minutes per side, or until fully cooked (internal temperature of 165°F / 75°C).
- Let the chicken rest for 5 minutes, then slice.

#### 5. Assemble the Dish:
- Divide the quinoa between two plates.
- Top with sliced grilled chicken.
- Arrange roasted vegetables around the chicken.
- Garnish with fresh parsley or basil if desired and squeeze a bit more lemon for extra brightness.

Enjoy your vibrant, clean-eating Lemon Herb Grilled Chicken with Quinoa and Roasted Vegetables!",True,,51_35,51,FAIL,"Whole30 eliminates all grains and pseudograins. The recipe includes 1 cup quinoa, which is not allowed on Whole30. All other ingredients (chicken, vegetables, olive oil, lemon, herbs, salt, pepper) and methods (grilling, roasting) are compliant, but the inclusion of quinoa violates the restriction.",HIGH,True
Sugar-free dessert that doesn't taste like sadness,sugar-free,"Let's make a delightful **Matcha Coconut Mousse** — a sugar-free, creamy, vibrant dessert that's sure to lift your spirits! It combines the earthy sweetness of matcha with the richness of coconut, resulting in a luxurious treat without any added sugar.

### Ingredients (serves 2):
- 1 can (13.5 oz) full-fat coconut milk or coconut cream
- 2 teaspoons matcha powder (culinary grade for a vibrant flavor)
- 1 teaspoon vanilla extract
- 1 or 2 tablespoons erythritol or monk fruit sweetener (adjust to taste)
- A pinch of salt
- Fresh berries or mint leaves for garnish (optional)

### Instructions:

1. **Chill the Coconut**: Place the can of coconut milk or cream in the refrigerator overnight. This helps the thick cream separate from the liquid, making it easier to whip.

2. **Prepare the Matcha**: In a small bowl, sift the matcha powder to remove lumps. Add about 2 tablespoons of warm water to the matcha and whisk until smooth. This creates a concentrated paste, ensuring no clumps in your mousse.

3. **Whip the Coconut**: Open the chilled coconut can. Carefully scoop out the thick coconut cream into a mixing bowl, avoiding the watery part. Using a hand mixer or whisk, beat the coconut until smooth and fluffy, about 2-3 minutes.

4. **Combine Flavors**: Add the vanilla extract, sweetener, a pinch of salt, and the prepared matcha paste to the whipped coconut. Mix gently until everything is well incorporated and the mousse has a vibrant green color.

5. **Chill the Mousse**: Spoon the mixture into serving glasses or bowls. Refrigerate for at least 1 hour to allow the flavors to meld and the mousse to set.

6. **Serve and Garnish**: Before serving, optionally garnish with fresh berries or a sprig of mint for added color and flavor.

### Enjoy this rich, sugar-free matcha coconut mousse — a luscious dessert that’s both satisfying and guilt-free!",True,,37_33,37,PASS,"The recipe uses coconut milk, matcha, vanilla extract, and non-nutritive sweeteners (erythritol or monk fruit), with no added sugars like sugar, honey, maple syrup, or high-sugar ingredients (e.g., dates, banana). Vanilla extract is typically unsweetened; ensure no added sugar in the specific product used. Optional fresh berries add natural sugars but are not high-sugar ingredients and are minimal/optional. Overall, the dessert is sweetened sugar-free.",HIGH,True
Vegetarian meal that has enough protein for my bodybuilder boyfriend,vegetarian,"Let's make a hearty and protein-packed Vegetarian Chickpea & Quinoa Stuffed Bell Peppers. This dish is nutritious, filling, and perfect for fueling strength and muscle growth. Serves 2.

### Ingredients:
- 2 large bell peppers (any color)
- 1 cup cooked quinoa (about ½ cup dry)
- 1 can (15 oz) chickpeas, drained and rinsed
- ½ cup shredded cheese (cheddar, mozzarella, or your preference)
- 1 small red onion, finely chopped
- 2 cloves garlic, minced
- 1 tablespoon olive oil
- 1 teaspoon cumin powder
- ½ teaspoon smoked paprika
- Salt and pepper to taste
- Fresh parsley or cilantro for garnish (optional)

### Instructions:

1. **Prepare the Bell Peppers:**
   - Preheat your oven to 375°F (190°C).
   - Slice the tops off the bell peppers and remove the seeds and membranes carefully.
   - Lightly brush the outside of the peppers with a little olive oil and place them upright in a baking dish.

2. **Cook the Filling:**
   - In a large skillet, heat 1 tablespoon of olive oil over medium heat.
   - Add the finely chopped red onion and cook until translucent, about 3-4 minutes.
   - Stir in the minced garlic, cumin, and smoked paprika; cook for another minute until fragrant.
   - Add the chickpeas to the skillet, gently mashing some with the back of a spoon, and cook for 3-4 minutes to warm through.
   - Remove from heat and transfer chickpea mixture to a bowl.
   - Stir in cooked quinoa and half of the shredded cheese. Season with salt and pepper to taste.

3. **Stuff the Peppers:**
   - Spoon the chickpea-quinoa mixture into each hollowed-out pepper, pressing down gently to pack.
   - Top each stuffed pepper with the remaining shredded cheese.

4. **Bake:**
   - Cover the baking dish with aluminum foil and bake for 30 minutes.
   - Remove foil and bake for an additional 10 minutes until the cheese is melted and bubbly, and peppers are tender.

5. **Serve:**
   - Carefully plate the stuffed peppers, garnish with chopped parsley or cilantro if desired.
   - Serve hot, paired with a side of mixed greens or a fresh tomato salad.

Enjoy this protein-rich vegetarian dish perfect for muscle-building and energy!",True,,34_23,34,PASS,"The recipe contains no meat or fish and uses plant-based ingredients (quinoa, chickpeas, vegetables) plus dairy (cheese). According to the provided definition of vegetarian—no meat or fish, dairy and eggs allowed—this fully adheres. No cooking methods violate vegetarian guidelines. Note: if strict vegetarian rennet concerns apply, choose cheese made with microbial/vegetarian rennet, but this is not required by the given definition.",HIGH,True
I'm vegan but I really want to make something with honey - is there a good substitute? i am craving a yogurt breakfast,vegan,"Absolutely! For a vegan substitute in recipes that call for honey, you can use maple syrup or agave nectar, both of which are natural sweeteners with a similar consistency and sweetness level. Since you're craving a yogurt breakfast, I suggest making a delicious vegan coconut yogurt parfait with fresh fruits and a drizzle of maple syrup. Here’s a simple yet satisfying recipe for two servings:

**Vegan Coconut Yogurt Parfait with Fresh Fruits (Serves 2)**

**Ingredients:**
- 1 ½ cups unsweetened coconut yogurt (store-bought or homemade)
- 1 cup mixed fresh berries (strawberries, blueberries, raspberries)
- 1 ripe banana, sliced
- ¼ cup granola (preferably vegan and low sugar)
- 2 tablespoons maple syrup
- A few mint leaves for garnish (optional)
  
**Instructions:**

1. **Prepare your ingredients:** Wash the berries thoroughly. Slice the banana into thin rounds. Have everything ready in separate bowls for easy layering.

2. **Layer the parfaits:** In two glasses or jars, start by adding half of the coconut yogurt to the bottom of each. Use a spoon to smooth the layer evenly.

3. **Add fruits:** Distribute half of the sliced banana and berries over the yogurt layer in each glass. Be generous; colorful layers make it appealing!

4. **Add granola:** Sprinkle half of the granola over the fruit layer, adding a nice crunch.

5. **Repeat layers:** Add another layer of coconut yogurt, followed by the remaining sliced bananas and berries. Top with the rest of the granola.

6. **Sweeten:** Drizzle each parfait with one tablespoon of maple syrup, giving a natural sweetness and a lovely shine.

7. **Garnish and serve:** Decorate with a few mint leaves for freshness if desired. Serve immediately to enjoy the crunch, or refrigerate for up to an hour.

**Enjoy your vibrant, creamy, and refreshing vegan coconut yogurt parfait!**",True,,1_6,1,FAIL,"The recipe is largely vegan-friendly (coconut yogurt, fruits, maple syrup). However, it specifies granola as 'preferably vegan,' which leaves room for non-vegan granola (often contains honey or dairy-based additives). For strict adherence, the recipe should require vegan granola. Everything else, including the honey substitute (maple/agave), aligns with vegan standards.",MEDIUM,True
I don't like vegetables but I want to eat healthy,vegetarian,"Here's a tasty and healthy recipe that minimizes the vegetable presence but still provides nourishing benefits: **Lemon Herb Grilled Chicken with Quinoa Salad**. This meal is packed with lean protein and wholesome grains, and it’s easy to prepare. Serves 2.

### Ingredients:
- 2 boneless, skinless chicken breasts
- 1 cup quinoa
- 2 cups water or low-sodium chicken broth
- 2 tablespoons olive oil
- 1 lemon (for juice and zest)
- 2 cloves garlic, minced
- 1 teaspoon dried oregano or paprika (for flavor)
- Salt and black pepper to taste
- Optional: fresh parsley or cilantro for garnish

### For the lemon herb marinade:
- Juice of half the lemon
- 1 tablespoon olive oil
- 1 teaspoon dried oregano or thyme
- 1 clove garlic, minced
- Salt and pepper to taste

---

### Instructions:

#### 1. Marinate the Chicken:
- In a small bowl, whisk together the lemon juice, olive oil, oregano, minced garlic, salt, and pepper.
- Place the chicken breasts in a resealable plastic bag or shallow dish, then pour the marinade over them.
- Seal and refrigerate for at least 30 minutes, or up to 2 hours for more flavor.

#### 2. Prepare Quinoa:
- Rinse 1 cup of quinoa under cold water to remove bitterness.
- In a medium saucepan, bring 2 cups of water or chicken broth to a boil.
- Add the rinsed quinoa, reduce heat to low, cover, and simmer for about 15 minutes, or until tender and the liquid is absorbed.
- Fluff with a fork and set aside.

#### 3. Grill the Chicken:
- Preheat your grill or grill pan over medium-high heat.
- Remove chicken from marinade and discard remaining marinade.
- Grill chicken for about 6-7 minutes per side, or until fully cooked (internal temperature of 165°F/75°C).
- Let rest for a few minutes, then slice into strips.

#### 4. Assemble the Plate:
- Divide the cooked quinoa onto plates.
- Top with grilled chicken slices.
- Optional: sprinkle with fresh parsley or cilantro and extra lemon zest for brightness.

---

### Serving suggestion:
Serve this dish with a fresh lemon wedge on the side. It’s filling, nutritious, and doesn’t rely on vegetables—perfect for healthy eating without vegetable dislikes!",True,,38_21,38,FAIL,"The recipe features chicken breasts as the main protein and optionally uses chicken broth to cook the quinoa. Both chicken meat and chicken broth are not permitted in a vegetarian diet, which excludes all meat and fish. While other ingredients (quinoa, olive oil, lemon, herbs) are vegetarian, the inclusion of chicken clearly violates the restriction.",HIGH,True
I'm trying to eat clean but I want pizza,whole30,"Great choice! You can enjoy a delicious, clean-eating pizza with fresh ingredients. Here's a simple recipe for a **Whole Wheat Mediterranean Veggie Pizza** that serves 2.

### Ingredients:
- 1 cup whole wheat flour
- 1/2 teaspoon salt
- 1/2 teaspoon baking powder
- 1/4 cup water (plus more if needed)
- 1 tablespoon olive oil
- 1/4 cup hummus (or tomato sauce for a more traditional base)
- 1 small zucchini, thinly sliced
- 1 small bell pepper, sliced (any color)
- 1/4 red onion, thinly sliced
- 1/4 cup cherry tomatoes, halved
- 1/4 cup crumbled feta cheese (optional, for flavor)
- A few fresh basil leaves
- Salt and pepper to taste
- A drizzle of olive oil

### Instructions:

1. **Preheat Oven**: Set your oven to 400°F (200°C). If you have a baking sheet or pizza stone, place it in the oven to heat.

2. **Make the Whole Wheat Crust**: In a mixing bowl, combine the whole wheat flour, salt, and baking powder. Add the water and olive oil, mixing until a dough forms. If it’s too sticky, add a little more flour; if too dry, add a tiny bit more water. Knead gently for 1-2 minutes until smooth.

3. **Roll Out the Dough**: Lightly flour a clean surface and roll out the dough into a circle about 8-10 inches in diameter. Transfer it to a piece of parchment paper.

4. **Pre-bake the Crust**: Carefully transfer the parchment with the crust onto your preheated baking sheet or stone. Bake for 8-10 minutes until the edges just start to turn golden.

5. **Add Toppings**: Remove the crust from the oven. Spread hummus evenly over the surface as the base. Arrange zucchini slices, bell pepper, red onion, and cherry tomatoes over the hummus. Crumble feta cheese on top if using. Add salt, pepper, and a drizzle of olive oil.

6. **Bake Again**: Put the pizza back in the oven for another 10-12 minutes, until the vegetables are tender and the crust is golden.

7. **Finish and Serve**: Remove from oven, garnish with fresh basil leaves. Let sit for a couple of minutes, then slice and serve!

Enjoy a nourishing, clean pizza packed with vibrant vegetables and whole grains—perfect for satisfying your pizza craving healthily!",True,,40_28,40,FAIL,"This recipe violates multiple Whole30 rules: (1) Whole wheat flour in the crust is a grain, which is not allowed on Whole30. (2) Hummus is made from chickpeas (legumes), which are not allowed. (3) Feta cheese is dairy, which is not allowed. Even if feta is omitted and tomato sauce is used, the grain-based crust alone disqualifies it. Therefore, it does not adhere to Whole30 guidelines.",HIGH,True
I'm on a sugar-free diet but I want to make candy,sugar-free,"Great choice! Here's a delicious sugar-free candies recipe using natural ingredients—**Sugar-Free Lemon and Coconut Candies**. These are zesty, sweet, and perfect for satisfying your sweet tooth without any added sugars. Makes about 12 candies, enough for 2 people to enjoy over time.

### Ingredients:
- 1 cup shredded unsweetened coconut
- 2 tbsp coconut oil
- 2 tbsp fresh lemon juice
- 1 tsp lemon zest
- 1-2 tbsp erythritol or stevia (adjust to taste for sweetness)
- Pinch of salt
- Optional: a few drops of vanilla extract

### Instructions:

1. **Prepare the Mixture:**
   - In a mixing bowl, combine the shredded coconut, lemon zest, and salt.
   - Slightly melt the coconut oil until liquid, then add it to the bowl along with lemon juice and sweetener. Mix thoroughly until everything is evenly combined. You should have a slightly sticky, cohesive mixture.

2. **Shape the Candies:**
   - Take small amounts of the mixture (about a tablespoon) and roll them into balls with your hands. If the mixture is too sticky, wet your hands slightly or chill the mixture for 10 minutes before shaping.
   - Flatten each ball into a disc, about 1/2 inch thick, if you prefer coin-shaped candies.

3. **Chill:**
   - Place the shaped candies on a parchment-lined tray.
   - Refrigerate for at least 30 minutes to set. The coconut will harden slightly, making them easier to handle.

4. **Serve and Store:**
   - Once cooled and firm, enjoy these candies! Keep leftovers in an airtight container in the refrigerator for up to a week.

**Tip:** You can roll these candies in a little extra shredded coconut or lemon zest for an appealing look and added flavor.

Enjoy your refreshing, sugar-free lemon coconut candies—bright, healthy, and satisfying!",True,,26_22,26,PASS,"The recipe uses no added sugars and relies on non-nutritive sweeteners (erythritol or stevia). Ingredients include unsweetened shredded coconut, coconut oil, lemon juice/zest, salt, and optional vanilla—none are added sugars or high-sugar ingredients. Lemon juice and coconut contain small amounts of naturally occurring sugars, but they are not high-sugar ingredients, and there are no syrups, honey, dates, or refined sugars. Method does not introduce sugar. Note: ensure the sweetener is a pure sugar-free product (some blends include dextrose/maltodextrin).",HIGH,True
I'm vegan but I really want to make something with honey - is there a good substitute? i am craving a yogurt breakfast,vegan,"Absolutely! Since you're vegan and craving a yogurt-based breakfast with honey, I recommend making a delicious Vegan Coconut Mango Parfait. Instead of honey, we'll use agave syrup or maple syrup as a natural sweetener. This parfait is creamy, fruity, and perfect for a satisfying breakfast for two.

### Vegan Coconut Mango Parfait (serves 2)

#### Ingredients:
- 1 cup canned coconut milk (preferably full-fat for creaminess)
- 2 tablespoons agave syrup or maple syrup
- 1 teaspoon vanilla extract
- 1 cup unsweetened coconut yogurt or any plant-based yogurt
- 1 ripe mango, diced
- 1/2 cup granola (choose a nutty or fruity variety)
- Fresh mint leaves for garnish (optional)

#### Instructions:

1. **Prepare the Coconut Cream:**  
   - Shake the canned coconut milk well before opening.
   - In a mixing bowl, combine 1/2 cup of the coconut milk with the agave syrup and vanilla extract. Whisk until well combined.
   - Chill this mixture in the fridge for about 15-20 minutes to help it thicken slightly.

2. **Create the Coconut Yogurt Layer:**  
   - In a small bowl, mix the coconut yogurt with the remaining coconut milk mixture to thin it slightly. This creates a creamy, flavorful yogurt base.

3. **Layer the Parfaits:**  
   - Take two glasses or jars.
   - Start with a spoonful of the coconut yogurt mixture at the bottom.
   - Add a layer of diced mango.
   - Sprinkle a bit of granola.
   - Repeat the layers until the glasses are filled, finishing with a layer of mango and granola on top.

4. **Garnish & Serve:**  
   - Top each parfait with fresh mint leaves if desired.
   - Serve immediately for a crunchy texture or refrigerate for 10-15 minutes if you prefer it chilled.

This parfait combines the tropical flavor of mango and coconut with the natural sweetness of agave or maple syrup, making it a delightful vegan alternative to a yogurt breakfast with honey. Enjoy!",True,,1_15,1,FAIL,"The recipe aims to be vegan by replacing honey with agave or maple syrup and using plant-based yogurt. However, it lists '1/2 cup granola (choose a nutty or fruity variety)' without specifying vegan or honey-free granola. Many granolas commonly contain honey or dairy (e.g., yogurt chips), which would violate a vegan diet. While the other ingredients (coconut milk, plant-based yogurt, mango, maple/agave) are vegan, the unspecified granola makes the recipe not clearly compliant.",HIGH,True
Something keto-ish but not super strict,keto,"Great choice! I recommend a **Garlic Butter Shrimp with Zucchini Noodles** — a flavorful, keto-friendly dish that's easy to prepare and perfect for a light, satisfying meal. This recipe serves 2 people.

### **Garlic Butter Shrimp with Zucchini Noodles**

#### Ingredients:
- 1 pound (450g) large shrimp, peeled and deveined
- 2 medium zucchinis
- 4 tablespoons unsalted butter
- 4 cloves garlic, minced
- 1 teaspoon crushed red pepper flakes (optional, for a little heat)
- Salt and freshly ground black pepper to taste
- Juice of half a lemon
- 2 tablespoons chopped fresh parsley (optional for garnish)
- Olive oil for cooking

---

### **Instructions:**

1. **Prepare the Zucchini Noodles:**
   - Rinse the zucchinis thoroughly. Using a spiralizer, julienne peeler, or vegetable spiral cutter, transform the zucchinis into noodles. If you don't have a spiralizer, you can peel the zucchinis into thin strips with a vegetable peeler.
   - Place the zucchini noodles in a colander, sprinkle lightly with salt, and let them sit for about 10 minutes to draw out excess moisture. Then, gently squeeze out any remaining water with your hands or a clean towel. This step helps prevent the noodles from becoming watery when cooking.

2. **Cook the Shrimp:**
   - In a large skillet, melt 2 tablespoons of butter over medium heat.
   - Add the minced garlic and red pepper flakes (if using), sauté for about 30 seconds until fragrant.
   - Add the shrimp to the skillet, season with salt and pepper.
   - Cook the shrimp for about 2-3 minutes per side, until they turn pink and are cooked through.
   - Remove the shrimp from the skillet and set aside.

3. **Cook the Zucchini Noodles:**
   - In the same skillet, reduce the heat to medium and add the remaining 2 tablespoons of butter.
   - Once melted, add the zucchini noodles, tossing gently to coat with the garlic butter.
   - Sauté for about 2-3 minutes until the noodles are tender but still slightly crisp. Do not overcook, as zucchini can become mushy.

4. **Combine and Finish:**
   - Return the cooked shrimp to the skillet, toss everything together.
   - Squeeze fresh lemon juice over the mixture and sprinkle with chopped parsley for freshness.
   - Give everything a gentle toss to combine all flavors.

5. **Serve:**
   - Plate the garlic butter shrimp over a bed of zucchini noodles.
   - Optionally, garnish with extra parsley or a lemon wedge.
   - Serve immediately for the best flavor and texture.

Enjoy your flavorful, low-carb, keto-ish meal! Would you like a different type of dish next?",True,,45_29,45,PASS,"The recipe uses low-carb ingredients: shrimp, zucchini noodles, butter, olive oil, garlic, lemon juice, and herbs/spices. There are no grains, sugars, starchy vegetables, or high-carb additives. Estimated net carbs: 2 medium zucchinis (~8g net total), 4 garlic cloves (~4g net), juice of half a lemon (~2g net), totaling ~14g net for the entire recipe (~7g per serving), which fits keto targets. Butter and olive oil provide fats; protein from shrimp is moderate-to-high but acceptable for keto. Cooking methods do not add carbs.",HIGH,True
I'm on keto but I'm craving something sweet. Help?,keto,"Absolutely! A great keto-friendly sweet treat is **Keto Chocolate Avocado Mousse**. It's rich, creamy, and satisfies your sweet tooth without knocking you out of ketosis. Here's how to make it for 2 servings:

### Ingredients:
- 2 ripe avocados
- 2 tablespoons unsweetened cocoa powder
- 2-3 tablespoons erythritol or your preferred keto-friendly sweetener
- 1 teaspoon vanilla extract
- A pinch of salt
- Optional: chopped nuts or keto-friendly whipped cream for topping

### Instructions:

1. **Prepare the Avocados:** Cut the avocados in half, remove the pit, and scoop the flesh into a food processor or blender.

2. **Add Cocoa and Sweetener:** Add the unsweetened cocoa powder, erythritol, vanilla extract, and a tiny pinch of salt to the blender.

3. **Blend Until Smooth:** Process everything until the mixture is completely smooth, scraping down the sides as needed. This should take about 1-2 minutes. Make sure there are no lumps and the texture is creamy.

4. **Taste and Adjust:** Give the mousse a taste; if you prefer it sweeter, add a bit more erythritol and blend again briefly.

5. **Chill:** Transfer the mousse into small serving bowls or glasses. Cover and refrigerate for at least 30 minutes to allow flavors to meld and the texture to firm up.

6. **Serve:** Top with chopped nuts or a dollop of keto-friendly whipped cream if desired, and enjoy immediately.

This recipe is perfect for satisfying your sweet craving while staying keto. Enjoy your luscious, guilt-free treat!",True,,15_11,15,PASS,"All listed ingredients are keto-appropriate: avocado (low net carbs, high fat), unsweetened cocoa powder (some carbs but mostly fiber), erythritol or a keto sweetener (zero net carbs), vanilla extract, and salt. Optional toppings are specified as keto-friendly whipped cream (sugar-free heavy cream) or chopped nuts; while some nuts vary in carb content, they are optional and can be chosen to remain low-carb. No sugars, grains, or high-carb fruits are included. Estimated net carbs per serving are reasonable for keto (~5–6g).",HIGH,True
I'm diabetic but I want to make a fruit cake for Christmas. My grandmother's recipe has tons of sugar and dried fruit but it's tradition and I can't just skip it this year. Is there any way to modify it so I can still participate in the family tradition without spiking my blood sugar?,diabetic-friendly,"Absolutely! You can enjoy a festive fruit cake that’s both delicious and more blood sugar-friendly by making some strategic substitutions. Here's a modified diabetic-friendly fruit cake recipe that preserves the traditional flavors but with less sugar and more nutritious ingredients.

**Diabetic-Friendly Christmas Fruit Cake (Serves 2)**

**Ingredients:**
- 1 cup mixed dried fruits (such as apricots, cranberries, cherries) — reduce the sugar content of dried fruits by soaking
- ½ cup chopped nuts (almonds, walnuts, or pecans)
- ½ cup unsweetened applesauce (acts as a natural sweetener and moistener)
- 2 large eggs
- 1 teaspoon vanilla extract
- ½ cup almond flour
- ¼ cup coconut flour
- 1 teaspoon baking powder (gluten-free if preferred)
- ½ teaspoon cinnamon
- ¼ teaspoon nutmeg
- Pinch of salt
- Optional: a few drops of sugar-free or stevia-based sweetener, adjusted to taste
- Zest of 1 orange or lemon for flavor

**Preparation Steps:**

1. **Prep the dried fruits:** Since dried fruits are high in sugar, soak them overnight in hot water or unsweetened herbal tea to plump them up and reduce sugar concentration. Drain thoroughly before use.

2. **Preheat the oven:** to 325°F (160°C). Line a small loaf pan or cake tin with parchment paper to prevent sticking.

3. **Prepare the wet ingredients:** In a large mixing bowl, whisk together the eggs, applesauce, vanilla extract, and zest until smooth. The applesauce adds moisture and a touch of sweetness without spiking blood sugar.

4. **Combine dry ingredients:** In another bowl, mix almond flour, coconut flour, baking powder, cinnamon, nutmeg, salt, and sweetener (if using).

5. **Mix wet and dry:** Gradually add the dry ingredients to the wet mixture, stirring well until you get a batter. It will be slightly thick.

6. **Add fruits and nuts:** Fold in the soaked dried fruits and chopped nuts evenly throughout the batter.

7. **Bake:** Pour the batter into the prepared pan, smoothing the top with a spatula. Bake for about 40-50 minutes, or until a toothpick inserted in the center comes out clean.

8. **Cool and serve:** Let the cake cool in the pan for 10 minutes, then transfer to a wire rack. Slice into thin pieces — about 2-3 slices per person — and enjoy a flavorful holiday treat without a major blood sugar spike.

**Tips:**  
- Pair this cake with unsweetened Greek yogurt or a cup of herbal tea for a festive, satisfying snack.  
- You can customize the spices to your liking—cloves or ginger work well for holiday flavor.

Would you like a specific serving suggestion or tips on storing the cake?",True,,22_27,22,FAIL,"The recipe contains a very high load of fast-acting carbohydrates from 1 cup of dried fruits (often 60–80g sugars per cup, and many varieties like cranberries/cherries are sweetened), plus 1/2 cup unsweetened applesauce (~12–15g sugar). Soaking dried fruit in water/tea does not meaningfully remove sugars; it mainly rehydrates and may dilute slightly, but the total sugar in the fruit remains high. With a stated yield of only 2 servings, each serving would deliver a large sugar load, inconsistent with controlled carbohydrates for diabetic-friendly eating. While almond/coconut flours, nuts, eggs, and optional non-nutritive sweetener are appropriate, the quantity of dried fruit and applesauce makes this unlikely to be blood sugar-friendly. The portion guidance (2–3 slices per person) further conflicts with carbohydrate control.",HIGH,True
Raw vegan meal that's actually filling,raw vegan ,"Absolutely! I recommend trying a **Raw Vegan Chickpea & Avocado Salad Wraps**. This dish is hearty, nutritious, and surprisingly filling, perfect for a raw vegan meal for two.

### **Raw Vegan Chickpea & Avocado Salad Wraps**  
**Servings:** 2

#### **Ingredients:**  
- 1 cup cooked chickpeas (if you don’t have cooked, you can soak dried chickpeas for 12 hours and then dehydrate them, or use canned chickpeas, rinsed thoroughly)  
- 1 ripe avocado  
- 1 small cucumber (or half a larger cucumber)  
- 1 large carrot  
- 1 small red bell pepper (or half of a large one)  
- 2 large collard green leaves (or romaine lettuce leaves) for wrapping  
- 2 tablespoons chopped fresh cilantro or parsley (optional)  
- Juice of 1 lemon or lime  
- 1 teaspoon olive oil (optional, for extra richness)  
- Sea salt and black pepper to taste

---

### **Preparation Steps:**

1. **Prepare the Chickpeas:**  
   If you're using canned chickpeas, drain and rinse them thoroughly. For a softer, more integrated flavor, mash the chickpeas with a fork or chop them finely using a sharp knife. If you prefer, leave some whole for texture.

2. **Make the Salad Base:**  
   In a mixing bowl, mash the avocado until smooth. Add the lemon or lime juice—this brightens the flavor and prevents browning. Mix in the chickpeas, chopped cucumber, grated carrot, and diced red bell pepper.

3. **Season:**  
   Add sea salt and black pepper to taste. If using, drizzle with a teaspoon of olive oil. Stir in fresh chopped cilantro or parsley for extra flavor.

4. **Assemble the Wraps:**  
   Carefully lay a collard green leaf flat on a plate. Spoon about half of the chickpea-avocado mixture onto the center of each leaf. Fold in the sides and roll tightly from the bottom to form a wrap.

5. **Serve:**  
   Slice the wraps in half diagonally if desired, and serve immediately. They’re delicious as-is or with a side of fresh sliced veggies.

---

### **Tips:**  
- To make the wraps more filling, you can add shredded raw zucchini or sprouts.  
- Keep the wraps tightly rolled to prevent spilling.

Enjoy your satisfying raw vegan chickpea & avocado wraps—bright, creamy, and perfectly filling!",True,,60_19,60,FAIL,"The recipe explicitly calls for '1 cup cooked chickpeas' or 'canned chickpeas,' both of which are cooked and therefore not raw. Raw vegan diets avoid foods heated above ~118°F (48°C). While the note about soaking and dehydrating dried chickpeas might keep them raw, the primary recommendation of cooked/canned chickpeas violates the raw vegan restriction. All other ingredients (avocado, vegetables, collard leaves, olive oil, lemon, seasonings) are raw vegan-compatible, but the inclusion of cooked legumes causes the recipe to fail.",HIGH,True
Diabetic-friendly dessert that doesn't use artificial sweeteners,diabetic-friendly,"Certainly! Here's a delightful **Baked Cinnamon Apples** recipe that's a perfect diabetic-friendly dessert without artificial sweeteners. It's naturally sweet from the apples and flavored with warm spices, making it both comforting and healthy.

### Baked Cinnamon Apples (Serves 2)

#### Ingredients:
- 2 large fresh apples (Fuji, Gala, or Honeycrisp work well)
- 1 teaspoon ground cinnamon
- 1/4 teaspoon ground nutmeg (optional)
- 1 teaspoon lemon juice
- 2 tablespoons chopped walnuts or pecans (optional)
- 1 tablespoon rolled oats (optional, for topping)
- 1 teaspoon olive oil or melted coconut oil

#### Instructions:

1. **Preheat the Oven:**
   - Set your oven to 350°F (175°C). Grease a small baking dish with a little bit of olive oil or cooking spray.

2. **Prepare the Apples:**
   - Wash the apples thoroughly.
   - Core each apple using a paring knife or apple corer, creating a cavity in the center. Be careful not to cut through the bottom of the apple.
   - In a small bowl, mix the cinnamon, nutmeg (if using), and lemon juice.

3. **Fill the Apples:**
   - Stuff the apple cavity with the spice mixture.
   - Drizzle a small amount of olive oil or melted coconut oil over the top of each apple.

4. **Add Toppings (Optional):**
   - If you're using nuts or oats, sprinkle them evenly over the apples for added texture.

5. **Bake:**
   - Place the apples in the baking dish.
   - Bake uncovered for 25-30 minutes, or until the apples are soft when pierced with a fork.

6. **Serve:**
   - Let the apples cool slightly before serving. They pair wonderfully with a dollop of Greek yogurt or a sprinkle of cinnamon on top.

Enjoy this warm, naturally sweet dessert that keeps your blood sugar in check!",True,,12_19,12,FAIL,"The recipe avoids artificial sweeteners and added sugars, which is good. However, it specifies 2 large apples (Fuji, Gala, or Honeycrisp), which are among the higher-sugar varieties; one large apple can provide ~28–35 g of carbohydrates per serving, which may be high for a diabetic-friendly dessert where controlled carbs are important. Baking can modestly increase glycemic impact. The optional 1 tbsp oats add more carbs, and the suggestion to serve with Greek yogurt does not specify unsweetened/plain, which could introduce added sugars. Overall, the carbohydrate load and ambiguity around yogurt mean it does not clearly meet “diabetic-friendly” (low glycemic index, controlled carbohydrates).",MEDIUM,True
I eat pretty clean most of the time,whole30,"Great! For a healthy and flavorful meal, I recommend **Grilled Lemon Herb Chicken with Quinoa and Roasted Vegetables**. It’s nutritious, easy to prepare, and perfect for a clean-eating lifestyle. This recipe serves 2.

### Ingredients:
- 2 boneless, skinless chicken breasts
- 1 cup quinoa
- 2 cups water or low-sodium chicken broth
- 1 zucchini, sliced
- 1 red bell pepper, chopped
- 1 red onion, sliced
- 2 tablespoons olive oil
- 2 lemons (juice and zest)
- 2 garlic cloves, minced
- 1 teaspoon dried oregano
- 1 teaspoon dried thyme
- Salt and pepper to taste
- Fresh parsley (optional, for garnish)

### Instructions:

#### Step 1: Marinate the Chicken
1. In a small bowl, combine the juice and zest of 1 lemon, 1 tablespoon of olive oil, minced garlic, oregano, thyme, salt, and pepper.
2. Place the chicken breasts in a resealable plastic bag or shallow dish. Pour the marinade over the chicken, making sure it’s well coated.
3. Seal and refrigerate for at least 30 minutes, or up to 2 hours for more flavor.

#### Step 2: Prepare the Quinoa
1. Rinse the quinoa thoroughly under cold water using a fine mesh sieve to remove bitterness.
2. In a medium pot, bring 2 cups of water or chicken broth to a boil.
3. Add the quinoa, reduce heat to low, cover, and simmer for about 15 minutes, until the liquid is absorbed and the quinoa is fluffy.
4. Remove from heat and set aside.

#### Step 3: Roast the Vegetables
1. Preheat your oven to 400°F (200°C).
2. Toss zucchini, bell pepper, and red onion with 1 tablespoon of olive oil, salt, and pepper.
3. Spread the vegetables evenly on a baking sheet lined with parchment paper.
4. Roast in the oven for 20-25 minutes, flipping halfway through, until slightly charred and tender.

#### Step 4: Grill the Chicken
1. Preheat your grill or grill pan over medium-high heat.
2. Remove the chicken from the marinade, letting excess drip off.
3. Grill the chicken for about 6-7 minutes per side, or until fully cooked (internal temperature 165°F/74°C).
4. Let the chicken rest for a few minutes, then slice it.

#### Step 5: Assemble and Serve
1. Fluff the cooked quinoa with a fork.
2. Divide the quinoa between two plates.
3. Top with roasted vegetables and sliced grilled chicken.
4. Squeeze fresh lemon juice over the top and garnish with chopped parsley if desired.

Enjoy this vibrant, wholesome dish packed with protein, fiber, and fresh flavors!",True,,51_34,51,FAIL,"Whole30 eliminates all grains and pseudo-grains. The recipe includes 1 cup of quinoa, which is a pseudo-grain and not permitted on Whole30. While the chicken, vegetables, olive oil, lemon, herbs, and spices are generally compliant, the inclusion of quinoa violates the Whole30 rules. Additionally, the use of chicken broth would need to be scrutinized for non-compliant additives, though the quinoa alone is sufficient to fail compliance.",HIGH,True
I'm diabetic but I want to make a fruit cake for Christmas. My grandmother's recipe has tons of sugar and dried fruit but it's tradition and I can't just skip it this year. Is there any way to modify it so I can still participate in the family tradition without spiking my blood sugar?,diabetic-friendly,"Absolutely, you can enjoy a festive fruit cake while managing your blood sugar! Here's a modified, lower-sugar version that still captures the holiday spirit:

### Low-Sugar Christmas Fruit Cake (Serves 2)

**Ingredients:**
- 1 cup mixed dried fruits (like raisins, chopped apricots, cranberries), ideally unsweetened or with no added sugar
- 1/4 cup chopped walnuts or almonds
- 1/4 cup unsweetened applesauce
- 1/4 cup coconut flour (or almond flour)
- 2 large eggs
- 1/4 cup chopped fresh dates (use sparingly, as they are naturally sweet)
- 1 teaspoon vanilla extract
- 1 teaspoon ground cinnamon
- 1/2 teaspoon ground ginger
- 1/4 teaspoon ground nutmeg
- 1/4 teaspoon baking powder (Optional: gluten-free if needed)
- A pinch of salt
- 1 tablespoon lemon juice

---

### Instructions:

1. **Prep the Oven and Pan:**
   - Preheat your oven to 325°F (160°C).
   - Line a small loaf pan (about 5x3 inches) with parchment paper or lightly grease it with a bit of unsaturated oil.

2. **Soak the Dried Fruits:**
   - In a small bowl, combine the dried fruits with the lemon juice. Let them soak for about 15 minutes. This rehydrates the fruit and adds flavor.
   
3. **Mix the Wet Ingredients:**
   - In a mixing bowl, beat the eggs until frothy.
   - Add the applesauce and vanilla extract, mixing well until combined.

4. **Combine Dry Ingredients:**
   - In another bowl, mix the coconut or almond flour, cinnamon, ginger, nutmeg, baking powder, and salt.

5. **Combine all:**
   - Gradually add the dry mixture into the wet, stirring until smooth.
   - Gently fold in the soaked dried fruits and chopped nuts.
   
6. **Pour and Bake:**
   - Pour the batter into the prepared loaf pan, smoothing the top.
   - Bake for about 30-35 minutes, or until a toothpick inserted into the center comes out clean.

7. **Cooling:**
   - Let the cake cool in the pan for about 10 minutes, then transfer to a wire rack to cool completely.

---

### Serving:
Slice thinly and enjoy with a cup of unsweetened herbal tea or black coffee. This cake has reduced sugar but still offers the festive feel—perfect for participation without unwanted blood sugar spikes!

Would you like tips on further customizing it or ideas for toppings?",True,,22_17,22,FAIL,"Despite using almond/coconut flour and no added table sugar, the recipe is not diabetic-friendly due to a very high load of naturally occurring sugars from dried fruit and dates. It includes 1 cup mixed dried fruits plus 1/4 cup chopped dates and 1/4 cup unsweetened applesauce for just 2 servings. Dried fruits (raisins/apricots/cranberries) and dates are highly concentrated sources of sugar and can produce a substantial glycemic load. Rough estimate: 1 cup mixed dried fruit can provide ~80–110g carbs, 1/4 cup dates ~25–30g carbs, and 1/4 cup applesauce ~7–10g carbs—potentially >110–140g carbs total, or ~55–70g per serving, which is likely to spike blood glucose. While the nut flour and eggs help, they don’t offset the carbohydrate load from the fruits. Therefore, it does not meet a diabetic-friendly standard of controlled carbohydrates/low glycemic impact.",HIGH,True
Something not too carb-y for dinner,low-carb,"Let's go with a delicious and satisfying **Garlic Butter Shrimp with Zucchini Noodles**. This dish is light, flavorful, and low in carbs, perfect for a healthy dinner for two.

### Ingredients:
- 1 pound (450g) large shrimp, peeled and deveined
- 2 medium zucchinis
- 3 tablespoons unsalted butter
- 4 cloves garlic, minced
- 1 teaspoon crushed red pepper flakes (optional)
- Juice of half a lemon
- Salt and freshly ground black pepper to taste
- Fresh parsley, chopped (for garnish)

### Instructions:

1. **Prepare the Zucchini Noodles:**
   - Wash the zucchinis thoroughly.
   - Using a spiralizer, julienne peeler, or vegetable peeler, create zucchini noodles. Set aside on a paper towel to absorb excess moisture.

2. **Cook the Shrimp:**
   - Heat 1 tablespoon of butter in a large skillet over medium heat.
   - Add the minced garlic and red pepper flakes (if using). Sauté for about 30 seconds, until fragrant.
   - Add the shrimp to the skillet, season with salt and pepper.
   - Cook for 2-3 minutes on each side until the shrimp turn pink and are cooked through.
   - Remove the shrimp from the skillet and set aside.

3. **Cook the Zucchini Noodles:**
   - In the same skillet, add the remaining 2 tablespoons of butter.
   - Once melted, toss in the zucchini noodles.
   - Sauté for 2-3 minutes, stirring frequently, until tender but still slightly crisp.
   - Squeeze lemon juice over the noodles.

4. **Combine and Serve:**
   - Return the cooked shrimp to the skillet with the zucchini noodles.
   - Toss everything together gently for another minute to combine flavors.
   - Taste and adjust seasoning with more salt, pepper, or lemon juice if desired.
   - Garnish with chopped parsley before serving.

### Serving Size:
- This recipe serves 2 people, providing a flavorful, low-carb dinner full of healthy protein and vegetables.

Enjoy your light and tasty garlic butter shrimp with zucchini noodles!",True,,39_27,39,PASS,"The recipe uses shrimp (protein), butter (fat), zucchini noodles (low-carb vegetable), garlic, lemon, and herbs/spices. There are no grains, sugars, starchy vegetables, or high-carb ingredients. Estimated net carbs per serving are low (zucchini ~4–6g, garlic/lemon minimal), comfortably within typical low-carb guidelines (<50g/day). Cooking method adds no carbohydrates.",HIGH,True
Need a quick gluten-free breakfast. I hate eggs though.,gluten-free,"Certainly! I recommend making **Chia Seed Pudding with Fresh Fruits**—a quick, nutritious, gluten-free breakfast that skips the eggs.

### Chia Seed Pudding with Fresh Fruits (Serves 2)

#### Ingredients:
- 1/4 cup chia seeds
- 1 cup your choice of milk (almond, coconut, soy, or dairy)
- 1 tablespoon honey or maple syrup (optional, for sweetness)
- 1/2 teaspoon vanilla extract (optional)
- Fresh fruits: berries, sliced banana, mango, or kiwi
- Nuts or shredded coconut for topping (optional)

#### Instructions:
1. **Mix the Base:** In a medium bowl or jar, combine the chia seeds, milk, honey (or maple syrup), and vanilla extract. Stir well to prevent clumping.
   
2. **Let it Rest:** Cover the bowl or jar and refrigerate for at least 2 hours, ideally overnight. During the first 30 minutes, give it a quick stir to break up any clumps—this helps achieve a smooth pudding texture.

3. **Prepare Fruits:** While waiting, wash and chop your fresh fruits into bite-sized pieces.

4. **Serve:** Once the chia pudding has thickened to a pudding-like consistency, give it a quick stir. Spoon generous portions into bowls, then top with your chopped fruits, nuts, or shredded coconut for extra flavor and crunch.

5. **Enjoy:** Dig in immediately! This breakfast is fresh, filling, and ready in minimal time.

**Note:** You can customize this recipe with different fruit combinations or add a spoonful of Greek yogurt on top if you like.

Would you like me to suggest a variation or additional toppings?",True,,2_10,2,PASS,"All listed ingredients (chia seeds, dairy or plant milks, honey/maple syrup, vanilla extract, fruits, nuts, coconut) are naturally gluten-free and the method does not introduce gluten. Optional Greek yogurt is also gluten-free. No wheat, barley, rye, or gluten-containing grains are used. Minor caveat: ensure plant milks, vanilla extract, and any add-ins are labeled gluten-free to avoid cross-contamination or malt flavorings. The recipe also respects the user's egg dislike.",HIGH,True
Gluten-free pizza dough that actually tastes good and isn't cardboard,gluten-free,"Absolutely! Here's a delicious gluten-free pizza dough recipe that’s flavorful, chewy, and far from cardboard-like. It yields enough for 2 medium pizzas, serving 2 people comfortably.

**Ingredients:**
- 1 1/2 cups (180g) gluten-free all-purpose flour (look for one with xanthan gum included; if not, add 1 teaspoon)
- 1 teaspoon baking powder
- 1/2 teaspoon salt
- 1 teaspoon dried oregano (optional for flavor)
- 1 teaspoon sugar
- 2 teaspoons active dry yeast
- 1/2 cup warm water (about 110°F/45°C)
- 2 tablespoons olive oil
- 1 teaspoon apple cider vinegar (or white vinegar)
  
**Instructions:**

1. **Activate the Yeast:**  
   In a small bowl, combine the warm water, sugar, and yeast. Stir gently to mix, then let it sit undisturbed for 5–10 minutes until it becomes frothy. This shows it's active.

2. **Prepare the Flour Mixture:**  
   In a large mixing bowl, whisk together the gluten-free flour, baking powder, salt, and dried oregano (if using). 

3. **Combine Wet Ingredients:**  
   Once the yeast mixture is frothy, add the olive oil and vinegar to it.

4. **Mix the Dough:**  
   Pour the wet ingredients into the dry mixture. Using a spatula or wooden spoon, stir until the dough begins to come together. It will be somewhat sticky and pliable—not too dry.

5. **Knead Lightly:**  
   Transfer the dough onto a lightly floured surface (use extra gluten-free flour). Gently knead it for about 1–2 minutes until smooth. If it’s too sticky, sprinkle a little more flour.

6. **Rest the Dough:**  
   Shape the dough into a ball, cover it with a damp cloth or plastic wrap, and let it rest for 15–20 minutes. This helps the flour absorb moisture and makes it easier to work with.

7. **Preheat Oven & Prepare Base:**  
   Preheat your oven to 425°F (220°C). Place a pizza stone or baking sheet in the oven to heat. Once hot, remove (be careful!) and lightly oil it or parchment paper.

8. **Shape the Dough:**  
   Transfer the rested dough onto a piece of parchment paper. Lightly dust your hands with gluten-free flour and gently press or roll the dough into a 12-inch circle. You can use your fingers or a rolling pin.

9. **Bake the Crust Briefly:**  
   Transfer the parchment with the shaped dough onto your preheated baking surface. Bake for about 8–10 minutes until the edges start to turn golden.

10. **Add Toppings & Finish Baking:**  
    Remove from oven, add your favorite toppings (marinara sauce, cheese, vegetables, meats). Return to the oven and bake for another 10–12 minutes until the cheese is bubbly and crust is crisp.

11. **Serve:**  
    Let the pizza cool for a few minutes, then slice and serve hot!

This gluten-free dough has a nice chewiness and flavor thanks to the yeast and olive oil. Enjoy your homemade, delicious gluten-free pizza!",True,,14_40,14,PASS,"The dough uses gluten-free all-purpose flour (with xanthan gum if needed) and only gluten-free ingredients: baking powder, salt, oregano, sugar, yeast, water, olive oil, and vinegar. The method specifies dusting with extra gluten-free flour, reducing cross-contamination risk. No wheat, barley, or rye are included. While toppings are mentioned generically, the request is for dough; still, users should ensure baking powder, yeast, and any toppings/sauce are certified gluten-free and avoid cross-contamination with shared stones/sheets.",HIGH,True
Gluten-light recipe - I'm not celiac just sensitive,gluten-free,"Let's make a delicious **Grilled Lemon Herb Chicken with Quinoa Salad**—light, flavorful, and gluten-light! Perfect for a sensitive tummy, and serves 2.

### Ingredients:

**For the Chicken:**
- 2 boneless, skinless chicken breasts
- 2 tablespoons olive oil
- Juice of 1 lemon
- Zest of 1 lemon
- 2 garlic cloves, minced
- 1 teaspoon dried oregano (or thyme)
- Salt and freshly ground black pepper to taste

**For the Quinoa Salad:**
- ¾ cup quinoa
- 1 cup water or chicken broth (for more flavor)
- 1 cup cherry tomatoes, halved
- ½ cucumber, diced
- ¼ red onion, finely chopped
- 2 tablespoons olive oil
- Juice of ½ lemon
- 2 tablespoons chopped fresh parsley or cilantro
- Salt and pepper to taste

### Steps:

**1. Marinate the Chicken:**
- In a small bowl, whisk together olive oil, lemon juice, lemon zest, minced garlic, oregano, salt, and pepper.
- Place the chicken breasts in a shallow dish or zip-top bag, and pour the marinade over. Make sure each piece is coated evenly.
- Cover and refrigerate for at least 30 minutes, or up to 2 hours for more flavor.

**2. Cook the Quinoa:**
- Rinse the quinoa under cold water using a fine sieve to remove bitterness.
- In a medium saucepan, bring the water or broth to a boil.
- Add the quinoa, reduce heat to low, cover, and simmer for about 15 minutes, or until the liquid is absorbed.
- Remove from heat and let it stand, covered, for 5 minutes.
- Fluff with a fork, then transfer to a large bowl and let it cool slightly.

**3. Prepare the Salad:**
- In the cooled quinoa, add cherry tomatoes, cucumber, red onion, chopped parsley, olive oil, lemon juice, salt, and pepper.
- Toss gently to combine. Adjust seasoning as needed.

**4. Grill the Chicken:**
- Preheat your grill or grill pan to medium-high heat.
- Remove chicken from marinade and discard the marinade.
- Grill the chicken for about 6-7 minutes per side, or until fully cooked (internal temperature of 165°F/74°C). 
- Let the chicken rest for 5 minutes before slicing.

**5. Serve:**
- Slice the grilled chicken into strips.
- Plate the quinoa salad and top with sliced chicken.
- Garnish with extra herbs or lemon wedges if desired.

Enjoy this light, savory, gluten-light meal perfect for a weeknight dinner or a healthy lunch!",True,,48_32,48,FAIL,"Most ingredients are naturally gluten-free (chicken, quinoa, vegetables, olive oil, lemon, herbs). However, the recipe suggests using chicken broth without specifying gluten-free. Many commercial broths contain gluten (e.g., wheat-based thickeners, barley malt, or non-GF yeast extract). Because the broth option could introduce gluten, the recipe as written does not strictly meet gluten-free standards.",HIGH,True
I want to make a birthday cake but I'm diabetic. Something that still tastes good?,diabetic-friendly,"Absolutely! Let’s make a delicious **Low-Carb Almond Flour Chocolate Mug Cake** that’s perfect for a birthday celebration and suitable for a diabetic-friendly diet. It’s quick to prepare, moist, and satisfying with rich chocolate flavor. Makes 2 servings.

### Ingredients:
- 4 tbsp almond flour
- 1 tbsp unsweetened cocoa powder
- 2 tbsp erythritol or another preferred keto-friendly sweetener
- 1/4 tsp baking powder
- Pinch of salt
- 1 large egg
- 2 tbsp unsweetened almond milk
- 1 tsp vanilla extract
- 1-2 tbsp dark chocolate chips (sugar-free, optional)

### Instructions:

1. **Prepare your mug:** Choose a large microwave-safe mug (roughly 12 oz or larger) to prevent overflowing.

2. **Mix dry ingredients:** In a small bowl, whisk together the almond flour, unsweetened cocoa powder, erythritol, baking powder, and a pinch of salt until well combined.

3. **Add wet ingredients:** Crack the egg directly into the mug. Add the almond milk and vanilla extract. Use a fork or small whisk to vigorously mix until the batter is smooth and free of lumps.

4. **Stir in chocolate chips:** Gently fold in the sugar-free dark chocolate chips if using—this gives it a gooey chocolatey touch.

5. **Microwave:** Place the mug in the microwave and cook on high for about 60-90 seconds. Start checking at 60 seconds; the cake is done when it has risen and a toothpick inserted into the center comes out clean. Be careful not to overcook as it can become dry.

6. **Let it cool slightly:** Allow the mug cake to sit for a minute, as it will be very hot. 

7. **Serve and enjoy:** You can top it with a dollop of whipped cream or a few more dark chocolate chips for extra flair.

### Nutritional notes:
This cake is low in carbs, rich in healthy fats, and suitable for a diabetic-friendly lifestyle. It’s perfect for celebrating without spiking blood sugar.

Enjoy your delicious and health-conscious birthday treat!",True,,7_25,7,PASS,"The recipe uses low-glycemic, low-carb ingredients suitable for a diabetic-friendly dessert: almond flour (low net carbs), unsweetened cocoa powder, erythritol or another nonnutritive sweetener, unsweetened almond milk, and an egg. Optional chocolate chips are specified as sugar-free, which maintains low glycemic impact. There are no added sugars or high-GI flours. Preparation method (microwave) does not affect glycemic suitability. Minor caution: the suggested whipped cream topping should be unsweetened/sugar-free to remain diabetic-friendly.",HIGH,True
Raw vegan soup that's actually warm somehow?,raw vegan,"Certainly! Here's a delicious **Warm Spiced Carrot and Ginger Soup**, a raw vegan dish that's gently warmed to enhance flavors and comfort without cooking them at high heat. It’s perfect for 2 servings.

### Ingredients:
- 4 large carrots, peeled and chopped
- 1 small apple, peeled and chopped (for a touch of sweetness)
- 1-inch fresh ginger root, peeled and grated
- 1/2 teaspoon ground cinnamon
- 1/4 teaspoon ground nutmeg
- 1/4 teaspoon ground turmeric (optional, for color and health benefits)
- 1 tablespoon olive oil (or coconut oil for extra flavor)
- Juice of 1 lemon
- 1/2 teaspoon sea salt (or to taste)
- 1 cup filtered water or coconut water
- A pinch of cayenne pepper (optional, for heat)

### Instructions:

1. **Prepare the Ingredients:**
   - Start by peeling and chopping the carrots and apple into smaller pieces. Grate the fresh ginger.

2. **Blend the Base:**
   - In a high-speed blender, add the chopped carrots, apple, grated ginger, lemon juice, olive oil, sea salt, and the water or coconut water.

3. **Add Spices:**
   - Incorporate the cinnamon, nutmeg, turmeric, and cayenne pepper (if using) into the blender.

4. **Blend Until Smooth:**
   - Blend on high until you achieve a creamy, smooth consistency. If needed, add a little more water to loosen it up.

5. **Warm the Soup:**
   - Transfer the blended mixture to a saucepan and gently warm over low heat for about 5-7 minutes. Stir frequently to prevent sticking or burning. The goal is to warm the soup gently, not cook it at high temperature, preserving the raw enzymes while releasing warm flavors.

6. **Serve:**
   - Ladle the warm soup into bowls. You can garnish with a sprinkle of fresh chopped parsley, a drizzle of coconut cream, or a few extra grated carrots for presentation.

### Enjoy your wholesome, warming raw vegan carrot and ginger soup! It’s flavorful, nourishing, and perfect for cozy moments.",True,,27_25,27,FAIL,"While all base ingredients are vegan, the method violates raw vegan guidelines. Step 5 instructs warming the soup in a saucepan over low heat for 5–7 minutes without any temperature control, which can easily exceed the raw threshold of 118°F (48°C). Additionally, the suggested garnish of coconut cream is typically canned and heat-processed, thus not raw. These factors mean the recipe does not reliably remain raw vegan.",HIGH,True
Paleo spaghetti and meatballs,paleo,"Absolutely! Here's a flavorful and satisfying Paleo Spaghetti and Meatballs recipe that uses zucchini noodles as a healthy alternative to traditional pasta.

### Paleo Spaghetti and Meatballs (Serves 2)

#### Ingredients:

**For the meatballs:**
- 1 pound (450g) ground beef (preferably grass-fed)
- 1 small onion, finely chopped
- 2 cloves garlic, minced
- 1 tablespoon fresh parsley, chopped
- 1 teaspoon sea salt
- ½ teaspoon black pepper
- 1 teaspoon dried oregano
- 1 teaspoon dried basil
- 1 egg (preferably organic)
- 1 tablespoon coconut flour or almond flour (optional for binding)

**For the zucchini noodles:**
- 2 large zucchinis
- 1 tablespoon olive oil
- Salt and pepper to taste

**For the tomato sauce:**
- 1 can (14 oz) diced tomatoes or 4 fresh ripe tomatoes, chopped
- 2 cloves garlic, minced
- 1 tablespoon olive oil
- 1 teaspoon dried oregano
- 1 teaspoon dried basil
- Salt and pepper to taste
- Fresh basil or parsley for garnish (optional)

---

### Instructions:

#### 1. Prepare the Meatballs:
- In a large mixing bowl, combine the ground beef, chopped onion, minced garlic, parsley, salt, pepper, oregano, basil, and the egg. Mix thoroughly until well combined.
- If the mixture feels too loose, add the coconut or almond flour a tablespoon at a time until it holds together.
- Roll the mixture into 4-6 small meatballs, about the size of a golf ball.
- Heat a skillet over medium heat with a bit of olive oil. Add the meatballs and cook for about 8-10 minutes, turning occasionally, until browned on all sides and cooked through. Remove and set aside.

#### 2. Prepare the Tomato Sauce:
- In the same skillet, add the olive oil and sauté the minced garlic for about 30 seconds until fragrant.
- Add the chopped tomatoes, oregano, basil, salt, and pepper. Stir well.
- Let the sauce simmer gently for about 10-15 minutes, stirring occasionally. Adjust seasoning as needed.

#### 3. Make the Zucchini Noodles:
- While the sauce simmers, wash the zucchinis and cut off the ends.
- Using a spiralizer, create zucchini noodles. If you don't have one, you can julienne the zucchinis with a sharp knife.
- Heat a tablespoon of olive oil in a large skillet over medium heat.
- Add the zucchini noodles, season with a pinch of salt and pepper, and cook for 2-3 minutes until slightly tender. Do not overcook or they will become soggy.

#### 4. Assemble:
- Add the cooked meatballs back into the skillet with the tomato sauce to heat through, about 2-3 minutes.
- Serve the meatballs and sauce over the zucchini noodles.
- Garnish with fresh basil or parsley if desired.

---

### Serving:
Divide evenly between two plates. Enjoy your healthy, Paleo-friendly spaghetti and meatballs with a side of leafy greens or your favorite roasted vegetables!

Would you like a dessert or beverage recommendation to complete your meal?",True,,58_36,58,PASS,"The recipe avoids grains (uses zucchini noodles, no wheat pasta), legumes, dairy, and refined sugar. Meatballs use ground beef, egg, herbs, and optional coconut/almond flour—all Paleo-friendly. Sauce is made from tomatoes, garlic, olive oil, and herbs with no added sugar or dairy. Cooking methods are simple and unprocessed. If using canned tomatoes, they should be free of added sugars or non-Paleo additives, but fresh tomatoes are provided as an option.",HIGH,True
I don't like vegetables but I want to eat healthy,vegetarian,"Great! Here’s a delicious and healthy recipe that minimizes vegetables but still offers plenty of flavor and nutrients: **Lemon Herb Grilled Chicken with Quinoa**. This meal is light, nutritious, and perfect for two servings.

### Lemon Herb Grilled Chicken with Quinoa  
**Servings:** 2

#### Ingredients:
- 2 boneless, skinless chicken breasts
- 1 cup quinoa
- 2 cups water or chicken broth (for cooking quinoa)
- 2 tablespoons olive oil
- 2 cloves garlic, minced
- Juice and zest of 1 lemon
- 1 teaspoon dried thyme or oregano
- Salt and freshly ground black pepper, to taste
- Optional: fresh parsley or cilantro for garnish

---

### Instructions:

#### Step 1: Prepare the Chicken  
1. In a small bowl, combine the juice and zest of 1 lemon, 1 tablespoon of olive oil, minced garlic, dried thyme (or oregano), salt, and pepper. Mix well to create a marinade.  
2. Place the chicken breasts in a resealable plastic bag or shallow dish. Pour the marinade over the chicken, ensuring they are well coated. Seal or cover and refrigerate for at least 30 minutes (or up to 2 hours for more flavor).  

#### Step 2: Cook the Quinoa  
1. Rinse the quinoa thoroughly under cold water using a fine-mesh sieve to remove any bitterness.  
2. In a medium saucepan, bring 2 cups of water or chicken broth to a boil. Add the rinsed quinoa, reduce heat to low, cover, and simmer for about 15 minutes until the water is absorbed and the quinoa is light and fluffy. Remove from heat and let rest, covered, for 5 minutes. Fluff with a fork.  

#### Step 3: Grill the Chicken  
1. Preheat your grill or grill pan to medium-high heat.  
2. Remove the chicken from the marinade and discard the marinade.  
3. Grill the chicken for about 6-7 minutes per side, or until the internal temperature reaches 165°F (75°C) and juices run clear.  

#### Step 4: Serve  
1. Divide the cooked quinoa between two plates.  
2. Slice the grilled chicken and place on top of the quinoa.  
3. Drizzle with any remaining lemon juice or a squeeze of fresh lemon for added flavor.  
4. Garnish with chopped parsley or cilantro if desired.  

Enjoy your healthy, veggie-light meal packed with protein and bright flavors!",True,,38_35,38,FAIL,"The recipe includes chicken breasts and optionally uses chicken broth to cook the quinoa. Both chicken (meat) and chicken broth violate vegetarian guidelines, which prohibit meat or fish. Additionally, the preparation involves grilling chicken, reinforcing the inclusion of meat.",HIGH,True
I'm diabetic but I want to make a fruit cake for Christmas. My grandmother's recipe has tons of sugar and dried fruit but it's tradition and I can't just skip it this year. Is there any way to modify it so I can still participate in the family tradition without spiking my blood sugar?,diabetic-friendly,"Absolutely! You can create a delicious, diabetic-friendly fruit cake that honors tradition while keeping blood sugar in check. Here's a modified recipe that reduces added sugars and uses low-GI ingredients, yet still provides rich flavor and festive cheer. This recipe makes enough for about 2 servings, perfect for sharing this holiday.

**Diabetic-Friendly Christmas Fruit Cake (Serves 2)**

**Ingredients:**
- 1/2 cup mixed dried berries (such as unsweetened cranberries, blueberries, or cherries)
- 1/4 cup chopped dried apricots (unsweetened)
- 1/4 cup chopped walnuts or almonds (optional for crunch and healthy fats)
- 2 tbsp ground flaxseed (for moisture and fiber)
- 2 tbsp coconut flour
- 1/4 cup almond flour
- 1/2 tsp baking powder
- 1/2 tsp ground cinnamon
- 1/4 tsp ground ginger
- 2 tbsp erythritol or monk fruit sweetener (natural low-GI sweeteners)
- 2 large eggs
- 2 tbsp mashed banana or unsweetened applesauce (for moisture and natural sweetness)
- 2 tbsp unsweetened apple sauce (for added moisture)
- 1 tsp vanilla extract
- Optional: a splash of brandy or rum flavoring (for extra holiday aroma)
- A pinch of salt

**Steps:**

1. **Preheat Your Oven:** Set it to 325°F (160°C). Lightly grease a small loaf pan or line it with parchment paper.

2. **Prepare the Dried Fruit:** If your dried berries or apricots are large, chop them into smaller pieces to distribute evenly in the cake. Soak the dried fruit in a tablespoon of warm water or a splash of unsweetened fruit juice for 10 minutes to rehydrate slightly, then drain.

3. **Mix the Dry Ingredients:** In a medium bowl, whisk together the ground flaxseed, coconut flour, almond flour, baking powder, cinnamon, ginger, erythritol, and salt.

4. **Combine Wet Ingredients:** In another bowl, beat the eggs. Mix in mashed banana or applesauce, unsweetened applesauce, vanilla extract, and optional brandy flavoring until smooth.

5. **Combine Wet and Dry:** Gradually add the dry ingredients into the wet mixture, stirring until just combined. The batter will be thick.

6. **Add the Fruit and Nuts:** Fold in the hydrated dried fruit and chopped nuts, ensuring even distribution.

7. **Bake:** Pour the batter into your prepared loaf pan, smoothing the top with a spatula. Bake for about 30-35 minutes, or until a toothpick inserted in the center comes out clean.

8. **Cool and Serve:** Allow the cake to cool in the pan for 10 minutes, then transfer to a wire rack to cool completely. Slice and serve!

**Tips:**
- To enhance festive flavor, sprinkle a pinch of ground cloves or nutmeg into the dry ingredients.
- Serve small slices with a dollop of unsweetened yogurt or whipped topping made from coconut cream.

This cake keeps the sweetness low and uses natural sources of sugars, making it suitable for a diabetic diet while still celebrating the holiday spirit!",True,,22_35,22,FAIL,"While the recipe avoids added sugar sweeteners by using erythritol/monk fruit and relies on low-carb flours (almond/coconut), it still includes a large amount of high-sugar ingredients: 3/4 cup dried fruit (berries/apricots) plus banana or applesauce and additional applesauce. Dried fruit is concentrated in sugars and can significantly raise blood glucose; 3/4 cup dried fruit alone can contribute roughly 60–80g carbs total. With the recipe stated as 2 servings, this could deliver ~30–45g carbs per serving before considering the fruit purees, which is not consistent with diabetic-friendly goals of controlled carbohydrate intake and low glycemic load. Additionally, soaking fruit in “unsweetened fruit juice” introduces more free sugars. Therefore, despite some smart substitutions, the overall carbohydrate load and use of dried fruit/juice make it unlikely to be diabetic-friendly.",HIGH,True
I want paleo bread but every recipe I've tried is terrible,paleo,"Let's try a simple and delicious Paleo Almond Flour Bread, perfect for beginners and flavorful enough to impress! This recipe yields about 8 slices, serving 2 people with some extras for future snacks.

**Ingredients:**
- 2 cups almond flour  
- 1/4 cup arrowroot starch (or tapioca starch)  
- 1/2 teaspoon baking soda  
- 1/4 teaspoon sea salt  
- 4 large eggs  
- 2 tablespoons honey (optional for a touch of sweetness)  
- 2 teaspoons apple cider vinegar  
- 2 tablespoons melted coconut oil or olive oil  

**Instructions:**

1. **Preheat your oven** to 350°F (175°C). Line a small loaf pan (8x4 inches) with parchment paper or lightly grease it with coconut oil to prevent sticking.

2. **Mix dry ingredients:** In a large mixing bowl, whisk together the almond flour, arrowroot starch, baking soda, and salt until well combined. This ensures an even rise.

3. **Combine wet ingredients:** In another bowl, beat the eggs briefly. Then add the honey (if using), apple cider vinegar, and melted coconut oil. Whisk until the mixture is smooth and homogeneous.

4. **Combine wet and dry:** Pour the wet mixture into the dry ingredients. Use a spatula or wooden spoon to stir until a thick, uniform batter forms. It will be slightly sticky but cohesive.

5. **Transfer to loaf pan:** Spoon the batter into the prepared loaf pan. Use the back of a spatula to smooth out the top for an even surface.

6. **Bake:** Place in the preheated oven and bake for 30-35 minutes. The bread is done when the top is golden brown and a toothpick inserted into the center comes out clean.

7. **Cool:** Remove from the oven and let it cool in the pan for about 10 minutes. Then transfer to a wire rack to cool completely before slicing.

**Serving suggestion:** Slice and enjoy toasted with avocado, almond butter, or as a side for your Paleo soups and stews.

This bread stays fresh for a couple of days if stored in an airtight container, or freeze slices for later!",True,,17_1,17,PASS,"The recipe uses almond flour, arrowroot/tapioca starch, eggs, honey (optional), apple cider vinegar, coconut/olive oil, baking soda, and sea salt—all of which are Paleo-friendly. It excludes grains, legumes, dairy, and refined sugars. Honey is a natural sweetener typically allowed on Paleo in moderation. The cooking method and serving suggestions do not introduce non-Paleo ingredients.",HIGH,True
Raw vegan meal that's actually filling,raw vegan ,"Certainly! I recommend trying a **Raw Vegan Chickpea and Walnut Salad Wrap**. This hearty and filling dish is perfect for a raw vegan meal and packed with protein and healthy fats to keep you satisfied.

### Ingredients (serves 2):
- 1 cup cooked chickpeas (if using canned, rinse and drain)
- 1/2 cup walnuts
- 1 large carrot, grated
- 1 small cucumber, finely chopped
- 1/4 cup sun-dried tomatoes, chopped
- 1 tablespoon fresh lemon juice
- 1 teaspoon Dijon mustard (optional, for flavor)
- 1/4 teaspoon sea salt
- 1/4 teaspoon black pepper
- Lettuce leaves or large collard green leaves for wrapping
- Fresh herbs (like parsley or cilantro), chopped (optional)

### Instructions:

1. **Prepare the filling:**
   - In a food processor, add the cooked chickpeas and walnuts. Pulse a few times until roughly chopped and combined, but still slightly chunky for texture.
   - Transfer the chopped chickpeas and walnuts to a mixing bowl.
   
2. **Add vegetables and seasonings:**
   - Mix in the grated carrot, chopped cucumber, sun-dried tomatoes, and fresh herbs if using.
   - Add the lemon juice, Dijon mustard (if using), sea salt, and black pepper.
   - Stir everything well until evenly coated. The mixture should be moist but not too wet.

3. **Assemble the wraps:**
   - Lay a large lettuce or collard green leaf flat on a plate.
   - Spoon about 1/4 of the filling onto the center of the leaf.
   - Fold the sides in and roll tightly from the bottom up to form a wrap.

4. **Serve:**
   - Repeat with the remaining ingredients.
   - Cut the wraps in half diagonally if desired, and serve immediately.

### Tips:
- For extra flavor, add a dash of nutritional yeast or a splash of coconut aminos.
- You can also serve these wraps alongside a fresh avocado slices or a side of raw veggie sticks.

This dish is high in protein and healthy fats, making it quite filling despite being raw and vegan. Enjoy your nutritious, satisfying meal!",True,,60_36,60,FAIL,"The recipe includes cooked chickpeas (and suggests canned chickpeas), which violates raw vegan requirements that foods not be heated above ~118°F. Additionally, optional ingredients like Dijon mustard and nutritional yeast are typically processed/pasteurized and not considered raw. While the method involves no cooking, the inclusion of cooked legumes makes it non–raw vegan.",HIGH,True
Vegan chocolate cake for my birthday but I'm also trying to avoid refined sugar,vegan,"Here's a delicious Vegan Chocolate Banana Cake that's naturally sweetened with ripe bananas and dates, making it perfect for your birthday celebration while avoiding refined sugar. This cake serves 8 slices, ideal for sharing.

**Vegan Chocolate Banana Date Cake**  

**Ingredients:**  
- 2 ripe bananas (mashed)  
- 1 cup pitted dates (soaked in warm water for 10 minutes, then drained)  
- 1/2 cup unsweetened almond milk (or preferred plant-based milk)  
- 1/4 cup coconut oil (melted)  
- 1 teaspoon vanilla extract  
- 1 1/2 cups whole wheat flour or spelt flour for added nutrition  
- 1/2 cup unsweetened cacao powder  
- 1 teaspoon baking powder  
- 1/2 teaspoon baking soda  
- 1/4 teaspoon salt  
  
**For the frosting:**  
- 1 ripe avocado  
- 3 tablespoons cacao powder  
- 2-3 Medjool dates (pitted, soaked if needed)  
- 1 teaspoon vanilla extract  
- A splash of almond milk (if needed for consistency)  

---

### Instructions:

1. **Preheat your oven** to 350°F (175°C). Grease a loaf pan or round cake pan with a little coconut oil and line it with parchment paper for easy removal.

2. **Prepare the wet ingredients:**  
   - In a blender or food processor, combine the ripe bananas, soaked dates, almond milk, melted coconut oil, and vanilla extract. Blend until smooth and creamy. The dates should be fully integrated, providing natural sweetness and moisture.

3. **In a large mixing bowl,** whisk together the flour, cacao powder, baking powder, baking soda, and salt.

4. **Combine wet and dry:**  
   - Pour the banana-date mixture into the dry ingredients. Stir gently with a spatula until just combined; avoid overmixing to keep the cake light.

5. **Pour batter into your prepared pan** and smooth the top with a spatula.

6. **Bake** for about 30-35 minutes, or until a toothpick inserted into the center comes out clean.

7. **Cool the cake:**  
   - Let it cool in the pan for 10 minutes, then transfer to a wire rack. Allow it to cool completely before frosting.

8. **Prepare the frosting:**  
   - In a blender or food processor, blend the avocado, cacao powder, soaked dates, vanilla extract, and a splash of almond milk until smooth and creamy. Adjust consistency with more almond milk if needed.

9. **Frost the cake:**  
   - Spread the avocado cacao frosting evenly over the cooled cake.

10. **Serve:**  
    - Slice and enjoy this rich, moist, naturally sweetened vegan chocolate cake for your celebration!

Enjoy your healthy and delightful birthday treat!",True,,13_6,13,PASS,"All listed ingredients are plant-based: bananas, dates, almond milk, coconut oil, vanilla, whole wheat/spelt flour, cacao powder, baking powder/soda, salt, and avocado. No meat, dairy, eggs, honey, or other animal products are used. Preparation methods do not introduce any non-vegan elements. The recipe also avoids refined sugar, though the primary evaluation is for vegan compliance.",HIGH,True
Vegan chocolate cake for my birthday but I'm also trying to avoid refined sugar,vegan,"Absolutely! Here's a delicious vegan chocolate cake recipe that's free from refined sugar—perfect for your birthday celebration!

**Vegan Whole-Grain Chocolate Banana Cake (Serves 8)**

**Ingredients:**
- 1 ½ cups whole wheat flour
- 1/2 cup unsweetened cocoa powder
- 1 teaspoon baking soda
- 1/4 teaspoon salt
- 3 ripe bananas, mashed
- 1/2 cup maple syrup or agave nectar
- 1/3 cup melted coconut oil
- 1 teaspoon vanilla extract
- 1/2 cup almond milk (or any plant-based milk)
- Optional: vegan dark chocolate chips (preferably sugar-free or minimally processed)

**For the frosting:**
- 1 ripe avocado
- 2 tablespoons unsweetened cocoa powder
- 2 tablespoons maple syrup (adjust to taste)
- 1 teaspoon vanilla extract
- A splash of almond milk (to thin if necessary)

---

### Instructions:

1. **Preheat the oven** to 350°F (175°C). Lightly grease two 8-inch round cake pans or line them with parchment paper.

2. **Mix dry ingredients:** In a large bowl, whisk together the whole wheat flour, unsweetened cocoa powder, baking soda, and salt until well combined.

3. **Prepare wet ingredients:** In a separate bowl, mash the ripe bananas until smooth. Add the maple syrup (or agave), melted coconut oil, vanilla extract, and almond milk. Mix thoroughly until combined.

4. **Combine:** Pour the wet mixture into the dry ingredients and gently stir until just combined. Do not overmix; a few lumps are okay. If desired, fold in vegan chocolate chips.

5. **Bake:** Divide the batter evenly between the prepared cake pans. Smooth the tops with a spatula. Bake in the preheated oven for 25-30 minutes, or until a toothpick inserted into the center comes out clean.

6. **Cool:** Remove the cakes from the oven and let them cool in the pans for 10 minutes. Then, transfer onto a wire rack to cool completely.

7. **Prepare frosting:** While cakes are cooling, scoop the avocado into a bowl. Add cocoa powder, maple syrup, vanilla, and a splash of almond milk. Blend with a fork or mixer until smooth and creamy. Adjust sweetness and consistency as needed.

8. **Assemble:** Once the cakes are completely cooled, spread a layer of frosting on top of one cake layer. Place the second layer on top and frost the top and sides with the remaining frosting.

9. **Serve and enjoy!** This cake is best served fresh but can be stored in the fridge for 1-2 days.

---

**Enjoy your nutritious, indulgent vegan chocolate birthday cake—without refined sugar!**",True,,13_3,13,PASS,"All ingredients are plant-based: whole wheat flour, cocoa powder, baking soda, salt, bananas, maple/agave, coconut oil, vanilla, and almond milk. The frosting uses avocado, cocoa, maple, and almond milk—no dairy or eggs. Optional chocolate chips are specified as vegan. No honey or other animal products are included. Preparation steps do not introduce animal-derived ingredients (greasing can be done with coconut oil or parchment).",HIGH,True
Whole30 comfort food that actually comforts,whole30,"Certainly! A perfect Whole30 comfort food that actually warms the soul is **Creamy Cauliflower & Chicken Soup**. It's hearty, comforting, dairy-free, and packed with flavor.

### Creamy Cauliflower & Chicken Soup (Serves 2)

#### Ingredients:
- 2 boneless, skinless chicken breasts
- 1 medium head cauliflower, chopped into florets
- 1 large onion, diced
- 3 garlic cloves, minced
- 4 cups chicken broth (preferably homemade or Whole30-compliant)
- 2 tablespoons olive oil
- 1 teaspoon dried thyme
- Salt and pepper to taste
- Optional garnish: fresh parsley, chopped

### Instructions:

1. **Cook the Chicken:**  
   - Season the chicken breasts with salt, pepper, and thyme.
   - Heat 1 tablespoon olive oil in a large pot over medium heat.
   - Add the chicken breasts and cook for about 6-7 minutes per side, or until fully cooked through.
   - Remove from the pot and set aside to rest.

2. **Sauté the Veggies:**  
   - In the same pot, add the remaining tablespoon of olive oil.
   - Add diced onion and cook for 3-4 minutes until translucent.
   - Add minced garlic and cook for another 1 minute, fragrant.

3. **Simmer the Cauliflower:**  
   - Add chopped cauliflower to the pot, stirring well.
   - Pour in the chicken broth. Bring to a boil, then reduce heat to low.
   - Cover and simmer for about 15-20 minutes, until cauliflower is very soft.

4. **Blend the Soup:**  
   - While simmering, shred the cooked chicken into bite-sized pieces.
   - Once the cauliflower is soft, use an immersion blender directly in the pot to purée the soup until smooth and creamy. (Alternatively, carefully transfer the soup to a blender in batches and purée until smooth, then return to the pot.)
   
5. **Finish and Serve:**  
   - Return the shredded chicken to the soup, stir well.
   - Taste and adjust seasoning with salt and pepper.
   - Warm through for a few more minutes, then serve hot, garnished with chopped parsley if desired.

This cozy, creamy soup is satisfying, nourishing, and perfectly Whole30 compliant. Enjoy the comfort of a warm bowl anytime you need a hug in a mug!",True,,56_28,56,PASS,"All listed ingredients are Whole30-compliant: chicken, cauliflower, onion, garlic, olive oil, thyme, salt, pepper, and optional parsley. There are no grains, legumes, dairy, alcohol, sweeteners, or processed foods. The recipe explicitly calls for homemade or Whole30-compliant chicken broth, addressing potential additives (sugar, MSG, sulfites) that could violate the rules. Cooking methods (sautéing, simmering, blending) are compliant. Overall, it adheres to Whole30 guidelines.",HIGH,True
Vegetarian pizza but I don't like mushrooms or bell peppers,vegetarian,"Absolutely! Let's make a delicious vegetarian pizza that's free of mushrooms and bell peppers. I suggest a **Roasted Veggie and Ricotta Pizza**—a flavorful and colorful option perfect for 2 people.

### Ingredients:
- 1 store-bought pizza dough (about 1 pound)
- 1/2 cup ricotta cheese
- 1/2 cup grated mozzarella cheese
- 1 small zucchini, thinly sliced
- 1 small red onion, thinly sliced
- 1 cup cherry tomatoes, halved
- 2 cloves garlic, minced
- 1 tablespoon olive oil
- 1 teaspoon dried oregano
- Salt and black pepper to taste
- Fresh basil leaves for garnish (optional)
- Red pepper flakes (optional, for a little heat)

### Instructions:

1. **Preheat your oven** to 475°F (245°C). If you have a pizza stone, place it in the oven while preheating to get a crispy crust.

2. **Prepare the veggies:** In a small bowl, toss the zucchini, red onion, and cherry tomatoes with 1 tablespoon olive oil, minced garlic, oregano, salt, and pepper. Spread them evenly on a baking sheet. Roast in the oven for about 15-20 minutes until they are slightly caramelized and tender.

3. **Roll out the dough:** Lightly flour your surface and roll the pizza dough into a 12-inch circle or your preferred shape. Transfer it to a parchment-lined baking sheet or a preheated pizza stone.

4. **Spread the ricotta:** Evenly spread the ricotta cheese over the dough, leaving about a 1-inch border around the edges for the crust.

5. **Add the cheeses:** Sprinkle the grated mozzarella evenly over the ricotta layer.

6. **Top with roasted veggies:** Once roasted, distribute the zucchini, red onion, and cherry tomatoes evenly over the cheese layers.

7. **Bake the pizza:** Place the pizza on the middle rack in the oven and bake for 12-15 minutes until the crust is golden and crispy, and the cheese is bubbling.

8. **Garnish and serve:** Remove the pizza from the oven. Garnish with fresh basil leaves and a pinch of red pepper flakes if desired. Slice and serve hot.

Enjoy your vibrant, mushroom- and bell pepper-free vegetarian pizza!",True,,5_36,5,PASS,"The recipe contains no meat or fish and uses dairy (ricotta, mozzarella), which is permitted for a vegetarian diet by the provided definition. All other ingredients (zucchini, red onion, cherry tomatoes, garlic, olive oil, herbs, spices) are plant-based. The cooking methods (roasting and baking) do not introduce any non-vegetarian components. Store-bought pizza dough is typically vegetarian (flour, water, yeast, salt, oil); while some rare doughs could contain animal fats, nothing in the recipe explicitly violates vegetarian guidelines.",HIGH,True
Paleo spaghetti and meatballs,paleo,"Absolutely! Here's a delicious Paleo Spaghetti and Meatballs recipe perfect for two servings. This dish uses zucchini noodles (zoodles) instead of traditional pasta, making it both flavorful and compliant with Paleo guidelines.

**Ingredients:**
- 2 medium zucchinis
- 1/2 pound ground beef or turkey
- 1 small onion, finely chopped
- 2 cloves garlic, minced
- 1 large jar of marinara sauce (check for no added sugars or make your own with tomatoes, garlic, onion, and herbs)
- 1 tablespoon olive oil or coconut oil
- 1 teaspoon dried basil
- 1 teaspoon dried oregano
- Salt and pepper to taste
- Fresh basil leaves for garnish (optional)

**Instructions:**

1. **Prepare the Zucchini Noodles:**
   - Wash the zucchinis thoroughly.
   - Using a spiralizer, mandoline, or julienne peeler, create long, thin noodles from the zucchinis.
   - Set aside on a paper towel to remove excess moisture.

2. **Make the Meatballs:**
   - In a mixing bowl, combine the ground meat, half of the chopped onion, half of the minced garlic, dried herbs, salt, and pepper.
   - Mix gently until well combined.
   - Form the mixture into small meatballs about 1 inch in diameter, placing them on a plate.

3. **Cook the Meatballs:**
   - Heat 1 tablespoon of olive or coconut oil in a large skillet over medium heat.
   - Add the meatballs, cooking in batches if necessary, and brown all sides for about 8-10 minutes until cooked through.
   - Remove the meatballs and set aside.

4. **Prepare the Sauce:**
   - In the same skillet, add the remaining onion and garlic, sauté for 2-3 minutes until fragrant.
   - Pour in the marinara sauce, stirring to scrape up any browned bits from the skillet.
   - Bring to a gentle simmer, then add the cooked meatballs back into the sauce.
   - Let simmer for another 10 minutes to meld flavors.

5. **Cook the Zucchini Noodles:**
   - In a separate large skillet, heat a little olive oil over medium heat.
   - Add the zucchini noodles and cook for 2-3 minutes, tossing gently until just tender. Do not overcook to keep them from becoming too soft.

6. **Assemble the Dish:**
   - Divide the zucchini noodles between two plates.
   - Spoon the meatballs and sauce over the noodles.
   - Garnish with fresh basil leaves.

**Serving Size:** 2 servings

Enjoy your Paleo spaghetti and meatballs—light, healthy, and bursting with flavor!",True,,58_10,58,PASS,"The recipe replaces pasta with zucchini noodles (no grains) and forms meatballs without breadcrumbs or cheese (no grains, legumes, or dairy). Fats used (olive or coconut oil) are Paleo-compliant. Seasonings (onion, garlic, herbs) are fine. The only potential issue is the jarred marinara sauce; however, the recipe explicitly instructs to choose one with no added sugars or to make your own from tomatoes, garlic, onion, and herbs. As long as the sauce contains only whole-food ingredients and avoids added sugar, dairy, grains, legumes, and non-Paleo additives, it remains Paleo. Cooking methods are compliant.",HIGH,True
Paleo spaghetti and meatballs,paleo,"Absolutely! Here's a flavorful Paleo spaghetti and meatballs recipe that’s perfect for two servings. Instead of traditional pasta, we'll use spiralized vegetables, and the meatballs are made with clean, Paleo-friendly ingredients.

**Paleo Spaghetti and Meatballs (Serves 2)**

**Ingredients:**

*For the Meatballs:*
- 1 pound ground beef (preferably grass-fed)
- 1/4 cup finely chopped onion
- 2 cloves garlic, minced
- 1 tablespoon chopped fresh parsley
- 1 teaspoon dried oregano
- 1/2 teaspoon sea salt
- 1/4 teaspoon black pepper
- 1 tablespoon coconut flour (or almond flour)

*For the ""Spaghetti"":*
- 2 large zucchini (for spiralized zucchini noodles)
- 1 tablespoon olive oil or avocado oil
- 1 cup tomato sauce (preferably homemade or with no added sugar)
- Fresh basil leaves for garnish (optional)

**Instructions:**

1. **Prepare the Meatballs:**
   - In a large mixing bowl, combine the ground beef, chopped onion, minced garlic, parsley, oregano, salt, pepper, and coconut flour. Mix everything thoroughly with your hands until evenly incorporated.
   - Shape the mixture into small meatballs, about 1 to 1.5 inches in diameter. You should get around 8–10 meatballs.
   
2. **Cook the Meatballs:**
   - Heat a large skillet over medium heat and add 1 tablespoon of oil.
   - Once hot, add the meatballs, making sure not to overcrowd the pan. Cook in batches if needed.
   - Brown the meatballs for about 4-5 minutes on each side, turning occasionally, until they are cooked through and nicely browned on all sides.
   - Remove the meatballs from the skillet and set aside.

3. **Prepare the Zucchini Noodles:**
   - While the meatballs cook, spiralize the zucchini into noodles using a spiralizer or pay careful attention to julienne strips if using a julienne peeler.
   
4. **Cook the Zucchini Noodles:**
   - In the same skillet you used for the meatballs, add 1 tablespoon of oil.
   - Sauté the zucchini noodles over medium heat for about 2-3 minutes until just tender. Be careful not to overcook; they should remain a little al dente.
   
5. **Combine and Serve:**
   - Pour the tomato sauce into the skillet with the zucchini noodles. Gently toss to coat.
   - Nestle the cooked meatballs into the sauce and zucchini.
   - Let everything simmer together for 2-3 minutes to meld the flavors.
   
6. **Plate and Garnish:**
   - Divide the spaghetti and meatballs into two plates.
   - Garnish with fresh basil leaves if desired.
   
Enjoy your Paleo spaghetti and meatballs with a side of mixed greens or roasted veggies! This hearty dish is packed with flavor and aligns with your Paleo lifestyle.",True,,58_38,58,PASS,"The recipe replaces grain pasta with zucchini noodles and uses meatballs bound with coconut or almond flour (both Paleo-friendly). Ingredients include ground beef, onion, garlic, herbs, salt, pepper, zucchini, olive/avocado oil, and tomato sauce specified as homemade or with no added sugar. There are no grains, legumes, dairy, refined sugar, or processed additives specified. Cooking methods (sautéing/simmering) are appropriate. All listed items align with Paleo guidelines.",HIGH,True
Vegetarian protein that isn't beans - I hate beans,vegetarian,"Let's make a delicious Vegetarian Mushroom and Spinach Quinoa Salad — a hearty, protein-packed dish that doesn’t involve beans!

**Ingredients (serves 2):**
- 1 cup quinoa
- 2 cups vegetable broth or water
- 8 oz fresh mushrooms (button, cremini, or your favorite)
- 2 cups fresh spinach, roughly chopped
- 2 tablespoons olive oil
- 2 cloves garlic, minced
- 1 small red onion, diced
- 1/4 cup crumbled feta cheese (optional)
- Salt and freshly ground black pepper to taste
- Juice of 1 lemon
- Fresh herbs for garnish (parsley or cilantro)

**Instructions:**

1. **Cook the Quinoa:**  
   Rinse the quinoa thoroughly under cold water using a fine sieve. In a medium saucepan, bring the 2 cups of vegetable broth or water to a boil. Add the rinsed quinoa, reduce to a simmer, cover, and cook for about 15 minutes, or until the quinoa has absorbed all the liquid. Fluff with a fork and set aside to cool slightly.

2. **Prepare the Mushrooms:**  
   While the quinoa cooks, heat 1 tablespoon of olive oil in a large skillet over medium heat. Slice the mushrooms and add them to the skillet. Cook for about 5-7 minutes, stirring occasionally, until they release their moisture and become golden brown.

3. **Sauté the Aromatics:**  
   Add the diced red onion and minced garlic to the skillet with the mushrooms. Cook for another 2-3 minutes until fragrant and the onions soften.

4. **Add the Spinach:**  
   Stir in the chopped spinach, cooking for 2 minutes until wilted. Season with salt and pepper to taste.

5. **Combine everything:**  
   In a large mixing bowl, combine the cooked quinoa and sautéed mushroom-spinach mixture. Drizzle with the remaining tablespoon of olive oil and lemon juice. Toss gently to combine.

6. **Finish and Serve:**  
   Sprinkle the crumbled feta cheese on top if using, and garnish with fresh herbs. Serve warm or chilled, with extra lemon for a zesty kick.

This protein-rich vegetarian dish is perfect for a light lunch or dinner, providing a satisfying mix of textures and flavors without beans. Enjoy!",True,,57_38,57,PASS,"The recipe contains no meat or fish and uses only plant-based ingredients plus optional feta cheese, which is permitted in a vegetarian diet. It specifies vegetable broth (not animal-based stock). Ingredients like quinoa, mushrooms, spinach, olive oil, garlic, onion, lemon, and herbs are all vegetarian. The optional feta does not violate vegetarian rules per the provided definition (dairy allowed). No cooking methods introduce non-vegetarian elements. Additionally, it avoids beans as requested.",HIGH,True
Low-ish carb dinner that my kids will eat,low-carb,"Here's a delicious and kid-friendly low-carb dinner: **Chicken and Veggie Lettuce Wraps**. They're easy to prepare, fun to eat, and full of flavors that kids love!

### Ingredients (serves 2):
- 2 boneless, skinless chicken breasts
- 1 tablespoon olive oil
- 1 bell pepper (any color), diced
- 1 small carrot, grated
- 1/2 cup chopped green onions
- 2 garlic cloves, minced
- 2 tablespoons soy sauce (or tamari for gluten-free)
- 1 teaspoon sesame oil (optional)
- Salt and pepper to taste
- Romaine or butter lettuce leaves (about 8 leaves)

### Instructions:

1. **Prepare the Chicken:**  
   - Rinse the chicken breasts and pat them dry.  
   - Cut each into small, bite-sized cubes or strips for easy eating.

2. **Cook the Chicken:**  
   - Heat the olive oil in a large skillet or frying pan over medium heat.  
   - Add the chicken pieces, season with a little salt and pepper, and cook for about 5-7 minutes until browned and cooked through. Stir occasionally to ensure even cooking.

3. **Add the Veggies:**  
   - Once the chicken is nearly cooked, add the minced garlic and diced bell pepper.  
   - Cook for another 2-3 minutes until the veggies are tender but still vibrant.  
   - Stir in the grated carrot and chopped green onions.

4. **Flavor It Up:**  
   - Pour the soy sauce and sesame oil over the mixture.  
   - Toss everything together to coat the ingredients evenly and let it cook for another minute. Adjust with salt and pepper if needed.

5. **Assemble the Wraps:**  
   - Rinse and dry the lettuce leaves.  
   - Spoon the chicken and veggie mixture into each lettuce leaf, creating a wrap.

6. **Serve:**  
   - Arrange the wraps on a plate and let kids enjoy them hands-on! You can serve with a side of sliced cucumber or cherry tomatoes if desired.

**Tip:** For added fun, set up a ""wrap station"" where kids can fill their own lettuce leaves! These wraps are light, tasty, and perfect for a low-carb, kid-friendly dinner.",True,,52_37,52,PASS,"The recipe uses chicken and non-starchy vegetables wrapped in lettuce, avoiding high-carb staples like rice, bread, pasta, or tortillas. Ingredients with carbs (bell pepper, a small carrot, green onions, garlic, soy sauce) are in modest amounts. Estimated net carbs per serving are likely in the ~8–12g range, fitting a low-carb meal (<50g/day context). Optional sides (cucumber or a few cherry tomatoes) remain relatively low in carbs and are optional. No added sugars or starchy thickeners are included.",HIGH,True
I'm diabetic but I want to make a fruit cake for Christmas. My grandmother's recipe has tons of sugar and dried fruit but it's tradition and I can't just skip it this year. Is there any way to modify it so I can still participate in the family tradition without spiking my blood sugar?,diabetic-friendly,"Absolutely! You can create a delightful low-sugar fruit cake that honors your family tradition while being mindful of your blood sugar. Here’s a modified version of a traditional fruit cake, using alternative ingredients and natural sweeteners to keep it delicious and festive.

### Low-Sugar Christmas Fruit Cake (Serves 2)

**Ingredients:**

- 1/2 cup chopped dried unsweetened or sugar-free dried fruit (like apricots, cranberries, or figs)
- 2 tablespoons chopped walnuts or almonds (optional)
- 1/4 cup almond flour
- 1/4 teaspoon ground cinnamon
- 1/4 teaspoon ground ginger
- 1/4 teaspoon vanilla extract
- 1 large egg
- 2 tablespoons unsweetened applesauce
- 1 tablespoon erythritol or stevia (adjust to taste)
- 1 teaspoon baking powder
- Pinch of salt
- 1 tablespoon lemon juice or apple cider vinegar

---

**Instructions:**

1. **Preheat your oven** to 325°F (160°C). Grease a small loaf pan or line it with parchment paper for easy removal.

2. **Prepare the fruit**: Since dried fruits are naturally higher in sugar, opt for unsweetened dried options and chop them into small pieces to distribute evenly in the cake. Soak them in warm water for about 10 minutes if they’re very dry, then drain well.

3. **Mix dry ingredients**: In a small bowl, combine the almond flour, cinnamon, ginger, baking powder, salt, and erythritol or stevia. Stir well to evenly distribute.

4. **Combine wet ingredients**: In a larger bowl, whisk the egg, unsweetened applesauce, vanilla extract, lemon juice or vinegar until smooth.

5. **Combine everything**: Add the dry mixture to the wet mixture gradually, stirring gently until just combined. Fold in the chopped dried fruit and nuts if using.

6. **Pour the batter** into your prepared loaf pan, smoothing the top with a spatula.

7. **Bake** in the preheated oven for about 25-30 minutes, or until a toothpick inserted into the center comes out clean.

8. **Cool** the cake in the pan for 10 minutes, then transfer to a wire rack to cool completely before slicing.

---

### Serving Tip:
Slice small pieces to enjoy the flavor and tradition without overdoing the sugar intake. This cake is rich and flavorful with warm spices and fruit, perfect for your holiday celebration!

Let me know if you'd like suggestions for sugar-free frosting, or how to further customize it!",True,,22_14,22,FAIL,"Diabetic-friendly recipes should keep carbohydrates and glycemic load controlled. This recipe uses 1/2 cup dried fruit for just 2 servings, meaning about 1/4 cup per serving. Even unsweetened dried apricots/figs are highly concentrated in natural sugars and can deliver ~15–25 g sugars per serving. It also includes 2 tbsp unsweetened applesauce, adding more natural sugars. While erythritol/stevia help avoid added sugar and almond flour adds fat, the overall carbohydrate load from dried fruit (plus applesauce) is still high for a dessert meant to be diabetic-friendly. Labeling “sugar-free dried fruit” is misleading since dried fruit inherently contains sugar. As written, this is likely to spike blood glucose for many people.",HIGH,True
I'm pescatarian but I hate fish. Can you give me a seafood pasta recipe?,pescatarian,"Certainly! Here's a delicious **Creamy Garlic Shrimp Pasta** recipe that feels just like seafood pasta but doesn't contain any fish. It’s perfect for pescatarians who prefer not to eat fish but enjoy the flavors of seafood. Serves 2.

### Ingredients:
- 8 oz (about 225g) linguine or spaghetti
- 2 tablespoons olive oil
- 4 cloves garlic, finely minced
- 1 pound (450g) large shrimp, peeled and deveined
- Salt and freshly ground black pepper, to taste
- 1/2 teaspoon red pepper flakes (optional, for a slight kick)
- 1 cup heavy cream
- 1/2 cup grated Parmesan cheese
- Juice of half a lemon
- Fresh parsley, chopped (for garnish)
- Lemon wedges (for serving)

### Instructions:

1. **Cook the Pasta:**
   - Bring a large pot of salted water to a boil.
   - Add the linguine or spaghetti and cook according to package instructions until al dente (usually 8-10 minutes).
   - Drain the pasta, reserving about 1/2 cup of the pasta water, then set aside.

2. **Prepare the Shrimp:**
   - While the pasta is cooking, heat the olive oil in a large skillet over medium heat.
   - Add the minced garlic and sauté for about 30 seconds until aromatic.
   - Add the shrimp to the skillet. Season with salt, pepper, and red pepper flakes if using.
   - Cook for 2-3 minutes on each side until they turn pink and are cooked through.
   - Remove the shrimp from the skillet and set aside.

3. **Make the Creamy Sauce:**
   - In the same skillet, lower the heat to medium.
   - Pour in the heavy cream, scraping up any browned bits from the bottom of the pan.
   - Stir in the grated Parmesan cheese until melted and smooth.
   - Add lemon juice and stir well.
   - If the sauce is too thick, add a bit of the reserved pasta water to loosen it up.

4. **Combine & Serve:**
   - Return the cooked shrimp to the skillet, along with the drained pasta.
   - Toss everything together until the pasta is coated with the sauce and the shrimp are evenly distributed.
   - Taste and adjust seasoning with extra salt, pepper, or lemon juice if needed.
   - Garnish with chopped parsley.

5. **Serve:**
   - Plate the pasta hot, garnish with additional Parmesan and parsley.
   - Serve with lemon wedges on the side for an extra burst of freshness.

Enjoy your rich and flavorful seafood-inspired pasta that’s perfect for a satisfying meal without fish!",True,,10_8,10,PASS,"The recipe uses shrimp as the seafood, which is allowed on a pescatarian diet. There are no meats other than seafood. Dairy ingredients (heavy cream, Parmesan) are included, which are permitted for pescatarians per the given definition. Pasta (wheat) is also allowed. No cooking methods or ingredients violate pescatarian guidelines.",HIGH,True
Raw vegan soup that's actually warm somehow?,raw vegan,"Certainly! Here's a unique recipe for **Warm Spiced Carrot and Ginger Soup**—a raw vegan-inspired dish that's gently warmed to bring out its comforting flavors while retaining a mostly raw and fresh profile.

### Ingredients (serves 2):

- 4 large carrots, peeled and chopped
- 1 small apple, cored and chopped (for sweetness)
- 1 thumb-sized piece of fresh ginger, peeled
- 1 tablespoon olive oil or coconut oil
- 1 teaspoon ground cumin
- 1/2 teaspoon turmeric
- 1/2 teaspoon cinnamon
- 2 cups vegetable broth (preferably homemade or low sodium)
- Juice of 1 lemon
- Salt and pepper to taste
- Fresh herbs for garnish (cilantro or parsley)

### Instructions:

1. **Prepare the vegetables:**  
   Peel and chop the carrots and apple into smaller pieces to ease blending. Also, peel the ginger and prepare your spices.

2. **Blend the base:**  
   In a high-speed blender, combine the chopped carrots, apple, ginger, olive or coconut oil, cumin, turmeric, cinnamon, lemon juice, and a splash of vegetable broth. Blend until smooth. If your blender struggles, add a bit more broth to facilitate blending.

3. **Warm the soup:**  
   Pour the blended mixture into a saucepan. Heat over low to medium heat for about 8-10 minutes. Keep the heat low enough to avoid boiling, which helps maintain the raw-inspired essence. Stir occasionally, and if it gets too thick, add a little more broth to reach your desired consistency.

4. **Taste and season:**  
   Once warmed through, taste the soup. Adjust salt, pepper, or lemon juice as needed.

5. **Serve:**  
   Ladle into bowls, garnish with fresh herbs, and serve immediately. Enjoy the comforting warmth with vibrant raw flavors!

**Serving size:** 2 hearty bowls.  

This soup is perfect if you're craving something that feels cozy but still aligns with raw vegan principles—delicately warmed and richly flavored!",True,,27_12,27,FAIL,"Raw vegan requires no animal products and no heating above ~118°F (48°C). This recipe instructs warming the soup in a saucepan over low–medium heat for 8–10 minutes without a strict temperature cap, which likely exceeds 118°F. It also uses vegetable broth, which is typically cooked and therefore not raw. While spices and oils can be raw if specifically cold-pressed/low-heat processed, that is not specified. These factors violate strict raw vegan standards.",HIGH,True
Sugar-free dessert that doesn't taste like sadness,sugar-free,"Absolutely! Here's a delightful sugar-free dessert that’s both satisfying and flavorful: **Creamy Coconut Chia Pudding with Fresh Bruits**. It’s smooth, naturally sweet, and incredibly refreshing. Suitable for 2 servings.

### Ingredients:
- 1 cup unsweetened coconut milk (from a carton or can)
- 3 tablespoons chia seeds
- 1 teaspoon vanilla extract
- 2 teaspoons liquid stevia or monk fruit sweetener (adjust to taste)
- Fresh berries (strawberries, blueberries, raspberries)
- 1/2 cup chopped tropical fruit like mango or pineapple (optional)
- A handful of shredded unsweetened coconut (for topping)
- Mint leaves for garnish (optional)

### Instructions:
1. **Prepare the Base Mixture:**
   In a medium bowl, combine the unsweetened coconut milk, vanilla extract, and your chosen sweetener. Whisk until well blended.

2. **Add the Chia Seeds:**
   Stir in the chia seeds, making sure they’re evenly distributed. Let the mixture sit for about 5 minutes, then give it a good stir again to prevent clumping.

3. **Refrigerate:**
   Cover the bowl with plastic wrap or a lid. Place it in the fridge for at least 2 hours, or preferably overnight. The chia seeds will swell and create a pudding-like consistency.

4. **Prepare the Toppings:**
   While waiting, wash and chop your fresh fruits. Set aside.

5. **Serve:**
   Give the chia pudding a gentle stir. Spoon it into individual glasses or bowls. Top generously with fresh berries, tropical fruits, shredded coconut, and a sprig of mint for color and freshness.

6. **Enjoy:**
   Savor this creamy, naturally sweet treat that’s free from added sugars but bursting with flavor!

### Tip:
Feel free to experiment with flavors by adding a dash of cocoa powder or a sprinkle of cinnamon for a twist!",True,,37_16,37,FAIL,"The recipe avoids added sugar by using stevia/monk fruit and unsweetened coconut milk, which is appropriate. However, it includes an optional topping of tropical fruits like mango or pineapple, which are high-sugar ingredients. The dietary restriction explicitly prohibits 'added sugars or high-sugar ingredients,' so the inclusion of mango/pineapple violates the sugar-free requirement. Berries are lower in sugar and could be acceptable, but the presence of high-sugar tropical fruit causes a fail.",HIGH,True
Gluten-free birthday cake for my 5-year-old who has celiac but all her friends will be eating regular cake and I don't want her to feel left out,gluten-free,"Certainly! Here's a delightful gluten-free vanilla birthday cake that will make your 5-year-old feel special without compromising her needs. It’s light, fluffy, and perfectly festive for a celebration! Serves 8-10.

### Gluten-Free Vanilla Birthday Cake

#### Ingredients:

**For the Cake:**
- 2 ½ cups gluten-free all-purpose flour (make sure it contains xanthan gum, or add ½ teaspoon if not)
- 1 ½ teaspoons baking powder
- ½ teaspoon baking soda
- ½ teaspoon salt
- ¾ cup granulated sugar
- ½ cup unsalted butter, softened
- 3 large eggs
- 1 teaspoon pure vanilla extract
- 1 cup full-fat milk (or almond milk if preferred)

**For the Frosting:**
- 1 cup unsalted butter, softened
- 3-4 cups powdered sugar, sifted
- 1 teaspoon vanilla extract
- 2-3 tablespoons milk or heavy cream

**Decorations:** (optional)
- Fresh berries
- Sprinkles (gluten-free)
- Food coloring

---

### Instructions:

#### 1. Prepare your oven:
Preheat your oven to 350°F (175°C). Grease two 8-inch round cake pans with butter and lightly dust with gluten-free flour, or line with parchment paper circles.

#### 2. Mix dry ingredients:
In a bowl, whisk together the gluten-free flour, baking powder, baking soda, salt, and sugar until well combined. Set aside.

#### 3. Cream the butter and sugar:
In a large mixing bowl, beat the softened butter and sugar with an electric mixer on medium speed until light and fluffy, about 3-4 minutes.

#### 4. Add eggs and vanilla:
One at a time, add the eggs, beating well after each addition. Mix in the vanilla extract.

#### 5. Incorporate dry and wet ingredients:
Reduce mixer speed to low. Alternately add the dry mixture and milk, starting and ending with the dry ingredients. Mix until just combined. Do not overmix.

#### 6. Bake:
Divide the batter evenly between the two prepared cake pans. Smooth the tops with a spatula. Bake for 25-30 minutes, or until a toothpick inserted in the center comes out clean.

#### 7. Cool:
Allow the cakes to cool in the pans for about 10 minutes, then turn out onto wire racks and cool completely before frosting.

#### 8. Make the frosting:
In a bowl, beat the softened butter until creamy. Gradually add the powdered sugar, about 1 cup at a time, beating well after each addition. Add vanilla and 2 tablespoons of milk or cream; beat until smooth and spreadable. Add more milk if too thick.

#### 9. Assemble:
Place one cake layer on a serving plate. Spread a generous layer of frosting on top. Place the second layer over it and frost the top and sides of the cake smoothly.

#### 10. Decorate:
Add fresh berries, sprinkles, or any fun decorations your little one loves! Use colorful frosting or edible glitter for extra festivity.

---

### Serving:
Slice and serve to the happy birthday girl and her friends! This cake is soft, flavorful, and inclusive — everyone will love it!

Would you like a recommendation for a fun frosting theme or decoration ideas?",True,,32_14,32,PASS,"The recipe specifies gluten-free all-purpose flour (with xanthan gum if needed) and instructs dusting pans with gluten-free flour, avoiding wheat, barley, or rye. Other ingredients (sugar, butter, eggs, vanilla, milk/almond milk, baking powder/soda, powdered sugar) are typically gluten-free. Decorations note to use gluten-free sprinkles. No gluten-containing ingredients or methods are included. While cross-contamination precautions aren’t detailed, the ingredient list and steps themselves adhere to gluten-free requirements.",HIGH,True
Sugar-free dessert that doesn't taste like sadness,sugar-free,"Absolutely! I recommend making a **Fresh Berry Coconut Parfait**—a delightful, sweet, and satisfying sugar-free dessert that’s perfect for two people.

### Ingredients:
- 1 cup fresh mixed berries (strawberries, blueberries, raspberries)
- 1 cup unsweetened coconut milk
- 2 tablespoons Greek yogurt (plain, full-fat)
- 2 teaspoons chia seeds
- 1 teaspoon vanilla extract
- 1-2 packets of stevia or monk fruit sweetener (adjust to taste)
- Optional: a few coconut flakes for garnish

### Instructions:

1. **Prepare the Berry Layer:**
   - Rinse the mixed berries thoroughly and pat dry.
   - In a small bowl, mash half of the berries gently with a fork to release some juice, which adds flavor and moisture.

2. **Make the Coconut Chia Pudding:**
   - In a mixing bowl, combine the unsweetened coconut milk, Greek yogurt, vanilla extract, and sweetener.
   - Stir well until all ingredients are smoothly blended.
   - Add the chia seeds and mix again thoroughly.
   - Let this mixture sit for 5 minutes, then stir again to prevent clumping. Cover and refrigerate for at least 30 minutes, or until it thickens into a pudding-like consistency.

3. **Assemble the Parfaits:**
   - Take two glasses or small jars.
   - Spoon a layer of the mashed berries at the bottom.
   - Add a layer of the coconut chia pudding on top.
   - Repeat the layers: berries followed by pudding, ending with a pudding layer on top.
   - Garnish each parfait with a few whole berries and a sprinkle of coconut flakes if desired.

4. **Serve:**
   - Chill the parfaits in the fridge for at least 15 minutes before serving so flavors meld.

### Serving size:
- Makes 2 delicious sugar-free berry coconut parfaits.

Enjoy your vibrant, guilt-free dessert that’s bursting with natural sweetness and tropical flavor!",True,,37_2,37,FAIL,"The recipe includes fresh mixed berries and plain Greek yogurt. Both contain naturally occurring sugars (fructose in berries; lactose in yogurt). Under the provided definition, 'sugar-free' means no added sugars or high-sugar ingredients. Berries are a higher-sugar ingredient relative to sugar-free standards, and yogurt contributes lactose sugar. While the recipe uses non-nutritive sweeteners (stevia/monk fruit) and avoids added sugar, the inclusion of fruit and yogurt means it is not truly sugar-free by the given criteria.",HIGH,True
Healthy dessert that doesn't taste healthy,sugar-free,"I recommend making Chocolate Avocado Mousse. It's indulgent, creamy, and rich in flavor, but it's surprisingly healthy and uses natural ingredients. This recipe serves 2 people and takes about 10-15 minutes to prepare.

**Ingredients:**
- 2 ripe avocados
- 2 tablespoons unsweetened cocoa powder
- 2-3 tablespoons honey or maple syrup (to taste)
- 1 teaspoon vanilla extract
- Pinch of salt
- Fresh berries (optional, for topping)

**Steps:**
1. **Prepare the Avocados:** Cut the avocados in half, remove the pits, and scoop the flesh into a blender or food processor.

2. **Add Cocoa and Sweetener:** Add the unsweetened cocoa powder, honey or maple syrup, vanilla extract, and a pinch of salt to the blender.

3. **Blend Until Smooth:** Blend everything until the mixture is completely smooth and creamy. You may need to scrape down the sides a few times. Taste the mousse and adjust the sweetness if needed, adding more honey or maple syrup.

4. **Chill:** Spoon the mousse into serving bowls or ramekins. Cover and refrigerate for at least 30 minutes to allow flavors to meld and the mousse to firm up slightly.

5. **Serve:** Before serving, optionally top with fresh berries for added flavor and visual appeal.

Enjoy your decadent, healthy chocolate avocado mousse—rich, smooth, and perfectly satisfying without any guilt!",True,,41_36,41,FAIL,"The recipe includes 2–3 tablespoons of honey or maple syrup and suggests adding more to taste. Both honey and maple syrup are added sugars and high-sugar ingredients, which violates a sugar-free restriction. Other ingredients (avocado, unsweetened cocoa, vanilla, salt, berries) are acceptable, but the inclusion of honey/maple syrup makes the recipe non-compliant.",HIGH,True
Raw vegan soup that's actually warm somehow?,raw vegan,"Certainly! Here's a delightful *Spiced Carrot Ginger Soup* that’s softly warmed, raw vegan style—perfect for a cozy yet healthy meal. It’s smooth, flavorful, and serves 2 people.

### Spiced Warm Carrot Ginger Soup (Raw Vegan & Slightly Warmed)

#### Ingredients:
- 4 large carrots, peeled and chopped
- 1-inch piece of fresh ginger, peeled and grated
- 1 small apple (for sweetness), peeled and chopped
- 1/2 teaspoon ground cumin
- 1/4 teaspoon ground cinnamon
- 1/4 teaspoon turmeric powder (optional, for color and health benefits)
- Juice of 1 lemon
- 1 cup filtered water or coconut water
- Pinch of sea salt
- 1 tablespoon extra virgin olive oil or coconut oil (for creaminess and warmth)
- Fresh parsley or cilantro for garnish

#### Instructions:
1. **Prepare the Soup Base:** In a blender, combine the chopped carrots, grated ginger, chopped apple, cumin, cinnamon, turmeric (if using), lemon juice, water, and a pinch of sea salt.
   
2. **Blend Until Smooth:** Blend on high speed until the mixture is very smooth and creamy. If it’s too thick, add a little more water or coconut water to reach your desired consistency.
   
3. **Warm Slightly:** Transfer the soup to a small saucepan. Place the saucepan over very low heat. Warm the soup gently for about 5 minutes, stirring occasionally, until it’s just warmed through — be careful not to boil or overheat, preserving some raw elements and nutrients.

4. **Add Oil & Taste:** Remove from heat, stir in the olive or coconut oil for richness, and taste for seasoning. Adjust with a little more lemon juice or salt if needed.

5. **Serve:** Pour the soup into bowls, garnish with freshly chopped parsley or cilantro, and enjoy!

This soup is vibrant and warming, with a nice balance of sweet, spicy, and zesty flavors. It’s perfect for a light lunch or starter.",True,,27_8,27,FAIL,"Ingredients are vegan (carrots, ginger, apple, spices, lemon, water/coconut water, oils, herbs) with no animal products. However, the method instructs warming on the stovetop for ~5 minutes without a specified maximum temperature or thermometer guidance. This can easily exceed 118°F (48°C), violating the raw vegan requirement. Additionally, common ground spices are often heat-treated during processing and may not be truly raw. Because the recipe does not clearly ensure temperatures stay below the raw threshold, it does not clearly adhere to raw vegan standards.",HIGH,True
I don't like vegetables but I want to eat healthy,vegetarian,"I understand! A great healthy option that minimizes vegetables is a Lemon Herb Grilled Chicken Breast. It's nutritious, flavorful, and straightforward to prepare—perfect for a satisfying meal for two.

**Lemon Herb Grilled Chicken Breast (Serves 2)**

**Ingredients:**
- 2 boneless, skinless chicken breasts
- 2 tablespoons olive oil
- Juice of 1 lemon
- Zest of 1 lemon
- 3 garlic cloves, minced
- 1 teaspoon dried oregano or thyme
- 1 teaspoon salt
- ½ teaspoon black pepper
- Optional: fresh parsley or basil for garnish

**Instructions:**

1. **Prepare the Marinade:**  
   In a small bowl, combine the olive oil, lemon juice and zest, minced garlic, oregano, salt, and black pepper. Whisk everything together until well mixed.

2. **Marinate the Chicken:**  
   Place the chicken breasts in a shallow dish or a resealable plastic bag. Pour the marinade over the chicken, ensuring each piece is coated thoroughly. Cover or seal and refrigerate for at least 30 minutes; for more flavor, marinate for up to 2 hours.

3. **Preheat the Grill:**  
   If you're using a grill, preheat it to medium-high heat. If indoors, preheat a grill pan or skillet over medium-high heat.

4. **Grill the Chicken:**  
   Remove the chicken from the marinade, letting excess drip off. Place the breasts on the grill. Cook for about 6-7 minutes on each side, or until the internal temperature reaches 165°F (75°C) and the chicken is nicely charred and cooked through.

5. **Rest and Serve:**  
   Transfer the grilled chicken to a plate, cover loosely with foil, and let it rest for 5 minutes. This keeps the juices inside and makes it tender.

6. **Garnish and Plate:**  
   Slice the chicken if desired, sprinkle with chopped fresh parsley or basil for a fresh touch, and serve hot.

**Serving suggestion:**  
Pair this with a side of steamed rice or quinoa and a simple mixed green salad (leave the veggies aside or choose ones you like) for a complete, healthy meal.

Enjoy your flavorful, protein-packed, vegetable-minimized healthy dinner!",True,,38_23,38,FAIL,"The recipe features boneless, skinless chicken breasts as the main ingredient. Vegetarian diets exclude all meat and poultry, though they can include dairy and eggs. While other ingredients (olive oil, lemon, herbs, garlic) are vegetarian-friendly, the inclusion of chicken directly violates the vegetarian restriction.",HIGH,True
I want paleo bread but every recipe I've tried is terrible,paleo,"Let's try a simple and delicious Paleo Almond Flour Bread that yields soft, flavorful slices perfect for sandwiches or toast. Here's how to make it:

### Ingredients:
- 2 cups almond flour (blanched if possible)
- 1/2 teaspoon baking soda
- 1/4 teaspoon sea salt
- 4 large eggs
- 1 tablespoon apple cider vinegar
- 2 tablespoons melted coconut oil or ghee

### Instructions:

1. **Preheat your oven** to 350°F (175°C). Line a loaf pan (8x4 inches) with parchment paper or lightly grease it with coconut oil to prevent sticking.

2. **Mix dry ingredients**: In a medium bowl, whisk together the almond flour, baking soda, and sea salt until well combined.

3. **Whisk wet ingredients**: In a separate bowl, beat the eggs until frothy. Add the apple cider vinegar and melted coconut oil, mixing thoroughly.

4. **Combine**: Pour the wet mixture into the dry ingredients and stir well with a spatula or spoon until a thick batter forms. No lumps should remain.

5. **Transfer to the pan**: Pour the batter into the prepared loaf pan and smooth the top with a spatula for evenness.

6. **Bake**: Place in the preheated oven and bake for about 30-35 minutes. The bread is done when the top is golden brown and a toothpick inserted into the center comes out clean.

7. **Cool**: Remove from oven and let the bread cool in the pan for about 10 minutes. Then transfer it to a wire rack to cool completely before slicing—this helps prevent crumbly slices.

### Serving:
Slice the bread once cooled. It makes about 8-10 slices. Enjoy with avocado, nut butter, or paleo-friendly jams.

This bread stays fresh for a few days stored in an airtight container at room temperature, or you can freeze slices for longer storage. Enjoy your homemade Paleo Almond Flour Bread!",True,,17_2,17,FAIL,"The recipe is otherwise Paleo-friendly (almond flour, eggs, coconut oil, baking soda, sea salt, apple cider vinegar) with no grains, legumes, or refined sugar. However, it includes ghee as an option. Per the provided Paleo definition ('No grains, legumes, dairy, refined sugar, or processed foods'), ghee is a dairy product and therefore not allowed. Even though coconut oil is a compliant alternative, offering ghee as an option violates the strict Paleo restriction defined here.",HIGH,True
I'm flexitarian leaning vegan,vegan,"Great! Let me suggest a vibrant and nutritious recipe: **Chickpea Spinach Curry**. This dish is hearty, uses simple ingredients, and aligns well with a flexitarian/vegan diet. It serves 2 people.

---

### Chickpea Spinach Curry

#### Ingredients:
- 1 can (15 oz) chickpeas, drained and rinsed
- 4 cups fresh spinach, washed and chopped
- 1 medium onion, chopped
- 2 cloves garlic, minced
- 1 can (14.5 oz) diced tomatoes
- 1 tablespoon olive oil
- 1 teaspoon ground cumin
- 1 teaspoon ground coriander
- 1/2 teaspoon turmeric powder
- 1/2 teaspoon paprika (for a smoky flavor)
- Salt and pepper to taste
- Optional: a pinch of chili flakes for some heat
- Fresh cilantro for garnish (optional)
- Cooked rice or crusty bread for serving

---

### Instructions:

1. **Prepare the base**:
   - Heat the olive oil in a large skillet or saucepan over medium heat.
   - Add the chopped onion and cook, stirring occasionally, for about 5 minutes until it becomes translucent and slightly golden.

2. **Add spices**:
   - Stir in the minced garlic, cumin, coriander, turmeric, and paprika.
   - Cook for about 1 minute, allowing the spices to become fragrant.

3. **Cook the tomatoes**:
   - Pour in the diced tomatoes with their juices.
   - Stir well and simmer for 5-7 minutes until the mixture thickens slightly.

4. **Add the chickpeas**:
   - Stir in the drained chickpeas.
   - Season with salt, pepper, and chili flakes, if using.
   - Cook for another 5 minutes, letting the flavors meld.

5. **Incorporate the spinach**:
   - Add the chopped spinach gradually, stirring to wilt it down.
   - Cover and cook for about 2-3 minutes until the spinach is tender.

6. **Finish and serve**:
   - Taste and adjust seasoning if needed.
   - Garnish with fresh cilantro if desired.
   - Serve hot over cooked rice or with crusty bread.

---

Enjoy this wholesome, flavorful, and easy-to-make chickpea spinach curry! It’s perfect for a quick weeknight meal and packed with plant-based protein and nutrients.",True,,49_33,49,PASS,"All listed ingredients (chickpeas, spinach, onion, garlic, tomatoes, olive oil, spices) are plant-based, and the cooking method uses only vegan-friendly items. The suggested sides are rice (vegan) or crusty bread; while many crusty breads (e.g., baguettes) are vegan, some may contain butter, milk, eggs, or honey. As written, the core recipe is fully vegan; just ensure the bread, if used, is vegan.",HIGH,True
Raw vegan meal that's actually filling,raw vegan ,"Certainly! Here's a hearty and satisfying raw vegan meal: **Raw Vegan Fiesta Wraps**. These wraps are packed with flavor, nutrients, and will keep you full. They serve 2 people.

### Ingredients:
- 4 large collard green leaves (or large lettuce leaves)
- 1 cup cooked and cooled quinoa (or try cauliflower rice for lower carbs)
- 1 large bell pepper, thinly sliced
- 1 ripe avocado, sliced
- 1 small carrot, julienned
- 1/2 cup cherry tomatoes, halved
- 1/4 cup red onion, thinly sliced
- A handful of fresh cilantro leaves
- Juice of 1 lime
- 1 teaspoon cumin powder
- Pinch of sea salt
- Optional: hot sauce or salsa for extra flavor

### Instructions:

1. **Prepare the collard greens:**  
   Rinse the collard leaves thoroughly. Pat them dry with a towel. Use a sharp knife to carefully trim the thick central spine of each leaf, making them easier to roll and more flexible. Set aside.

2. **Make the quinoa mixture:**  
   In a bowl, combine the cooked and cooled quinoa, cumin, a pinch of sea salt, and the juice of half a lime. Mix well. This will add protein and heartiness to the wraps.

3. **Assemble the wraps:**  
   Lay a collard green leaf flat on a clean surface. Spread a thin layer of the quinoa mixture along the center of the leaf. Top with slices of bell pepper, avocado, julienned carrot, cherry tomatoes, red onion, and cilantro leaves.

4. **Roll the wraps:**  
   Fold the sides of the leaf inward, then tightly roll from the bottom up, similar to a burrito, ensuring the fillings stay secure.

5. **Serve:**  
   Slice in half diagonally if desired. Serve immediately with extra lime wedges, hot sauce, or salsa on the side.

### Tips:  
- For added protein, sprinkle some hemp seeds or chopped nuts inside before rolling.  
- To keep the wraps moist, you can add a drizzle of tahini or a raw vegan dressing.

Enjoy these colorful, filling, and nutrient-dense raw vegan Fiesta Wraps!",True,,60_14,60,FAIL,"The recipe is labeled raw vegan but includes '1 cup cooked and cooled quinoa,' which is not raw (it has been heated well above 118°F). Optional hot sauce/salsa is often cooked or pasteurized, and tahini is frequently made from roasted sesame seeds (though raw versions exist), adding further risk of non-raw ingredients. While most produce items are raw and vegan, the inclusion of cooked quinoa violates the raw vegan restriction.",HIGH,True
I'm diabetic but I want to make a fruit cake for Christmas. My grandmother's recipe has tons of sugar and dried fruit but it's tradition and I can't just skip it this year. Is there any way to modify it so I can still participate in the family tradition without spiking my blood sugar?,diabetic-friendly,"Absolutely! You can enjoy a festive fruit cake while managing your blood sugar by making some thoughtful modifications. Here's a healthier, diabetic-friendly fruit cake recipe that still captures the holiday spirit:

### Diabetic-Friendly Christmas Fruit Cake (Serves 2)

**Ingredients:**
- 1 cup mixed dried fruits (such as unsweetened dried apricots, figs, cranberries, and raisins – in moderation)
- 1/2 cup chopped nuts (walnuts or almonds)
- 1/4 cup unsweetened apple sauce (to replace some sugar and add moisture)
- 1/4 cup whole wheat flour
- 2 tablespoons coconut flour (for added texture)
- 1 large egg
- 1 teaspoon vanilla extract
- 1 teaspoon cinnamon
- 1/2 teaspoon ground ginger
- 1/4 teaspoon nutmeg
- 1/4 teaspoon baking powder (preferably aluminum-free)
- 2-3 tablespoons almond milk or unsweetened plant-based milk
- Optional: a splash of rum or brandy flavoring (for traditional aroma, optional)

**Steps:**

1. **Preheat Oven:** Set your oven to 350°F (175°C). Grease a small loaf pan or line it with parchment paper.

2. **Prepare Dried Fruits:** Chop the dried fruits into small, bite-sized pieces to ensure even distribution. For added flavor, soak the dried fruits in a tablespoon of hot water or unsweetened apple juice for 10 minutes to plump them up, then drain.

3. **Mix Wet Ingredients:** In a mixing bowl, whisk the egg until frothy. Add the apple sauce, vanilla extract, and almond milk. Whisk until well combined.

4. **Combine Dry Ingredients:** In a separate bowl, stir together the whole wheat flour, coconut flour, cinnamon, ginger, nutmeg, and baking powder.

5. **Combine Wet and Dry:** Gradually add the dry ingredients into the wet mixture, stirring gently until just combined. The batter will be thick.

6. **Add Fruits and Nuts:** Gently fold in the dried fruits and chopped nuts, ensuring even distribution without overmixing.

7. **Pour into Pan:** Transfer the batter into your prepared loaf pan, spreading it evenly.

8. **Bake:** Bake for about 30-40 minutes, or until a toothpick inserted into the center comes out clean. Keep an eye on the cake to ensure it doesn't overbake.

9. **Cool & Serve:** Let it cool in the pan for 10 minutes, then transfer to a wire rack. Slice and enjoy a small piece of this festive treat.

**Notes:**
- Portion control is key—enjoy a small slice to keep blood sugar stable.
- You can enhance the flavor with a dash of cinnamon or nutmeg on top before baking.
- Feel free to add grated carrots or zucchini for extra moisture and nutrients.

This modified cake keeps the festive feel but lowers refined sugar and uses healthier ingredients, making it more suitable for your dietary needs. Would you like a suggested accompaniment or a diabetic-friendly frosting?",True,,22_21,22,FAIL,"Although the recipe removes added refined sugar, it is not diabetic-friendly due to very high carbohydrate and sugar content from multiple ingredients. Key issues: (1) 1 cup mixed dried fruit is extremely high in natural sugars (often 60–100g sugars per cup depending on mix), which will likely spike blood glucose; (2) 1/4 cup unsweetened applesauce adds additional sugars; (3) 1/4 cup whole wheat flour contributes significant starch (≈20–22g net carbs); (4) The recipe states 'Serves 2,' making each portion exceptionally high in carbs. Soaking fruit in juice (even drained) is also unnecessary added sugar exposure. While coconut flour and nuts help, they do not offset the high sugar load. Overall, the carbohydrate density and glycemic load are too high for a diabetic-friendly designation.",HIGH,True
I want something light but filling,low-carb,"Certainly! I recommend trying a **Grilled Chicken and Veggie Quinoa Bowl**. It’s light yet satisfying, packed with protein and fresh flavors, perfect for a wholesome meal for two.

### Ingredients:
- 1 cup quinoa
- 2 boneless, skinless chicken breasts
- 1 bell pepper (any color), sliced
- 1 small zucchini, sliced
- 1 small red onion, sliced
- 2 tablespoons olive oil
- 1 lemon (for juice and zest)
- 2 garlic cloves, minced
- Salt and pepper to taste
- Fresh herbs (like parsley or cilantro), chopped (optional)

### Instructions:

#### 1. Prepare Quinoa:
- Rinse 1 cup of quinoa under cold water using a fine sieve.
- In a medium saucepan, combine the rinsed quinoa with 2 cups of water and a pinch of salt.
- Bring to a boil over medium-high heat.
- Once boiling, reduce heat to low, cover, and simmer for about 15 minutes, or until the water is absorbed and quinoa is fluffy.
- Remove from heat and let it sit, covered, for 5 minutes. Fluff with a fork and set aside.

#### 2. Marinate Chicken:
- While quinoa cooks, place the chicken breasts in a shallow dish.
- In a small bowl, mix 1 tablespoon olive oil, juice and zest of half the lemon, 1 minced garlic clove, salt, and pepper.
- Pour the marinade over the chicken, turning to coat evenly.
- Let it marinate for about 10-15 minutes for more flavor.

#### 3. Grill the Chicken and Vegetables:
- Preheat a grill or grill pan over medium-high heat.
- Remove chicken from marinade and grill for about 6-7 minutes per side, or until fully cooked (internal temperature 165°F). Let it rest for a few minutes, then slice into strips.
- While chicken grills, toss the sliced bell pepper, zucchini, and red onion with 1 tablespoon olive oil, salt, pepper, and a squeeze of lemon juice.
- Grill the vegetables for about 3-4 minutes per side until tender and slightly charred.

#### 4. Assemble the Bowl:
- Divide the cooked quinoa into two bowls.
- Top with grilled chicken slices and roasted vegetables.
- Garnish with chopped fresh herbs and a squeeze of fresh lemon juice for brightness.

### Serving:
Serve immediately, enjoying a nourishing, light yet filling meal for two.

Would you like a different type of light dish or maybe a vegetarian option?",True,,42_35,42,FAIL,"The recipe includes 1 cup dry quinoa, which is a high-carbohydrate grain. One cup dry quinoa yields roughly 3 cups cooked, totaling ~117g carbs; divided into two servings, that’s ~58g carbs per serving before adding vegetables. This exceeds typical low-carb guidelines (<50g/day or significantly reduced per meal). Other ingredients (chicken, non-starchy vegetables, olive oil) are fine, but the quinoa base makes the dish not low-carb.",HIGH,True
I want to make a birthday cake but I'm diabetic. Something that still tastes good?,diabetic-friendly,"Absolutely! Here's a delicious and diabetic-friendly birthday cake recipe using almond flour and a natural sweetener. It's moist, flavorful, and perfect for celebrating without spiking your blood sugar.

**Almond Flour Lemon Cake (Serves 8)**

**Ingredients:**
- 2 cups almond flour
- 1/2 cup erythritol or monk fruit sweetener (granulated)
- 1 teaspoon baking powder (gluten-free if needed)
- 1/4 teaspoon salt
- 4 large eggs
- 1/4 cup unsweetened almond milk
- 1/4 cup melted coconut oil
- 2 tablespoons lemon juice
- Zest of 1 lemon
- 1 teaspoon vanilla extract

**For the Lemon Glaze:**
- 1/4 cup powdered erythritol or monk fruit sweetener
- 1-2 tablespoons lemon juice

**Instructions:**

1. **Preheat your oven** to 350°F (175°C). Grease an 8-inch round cake pan with a little coconut oil or line it with parchment paper.

2. **Mix the dry ingredients:** In a large bowl, whisk together the almond flour, erythritol, baking powder, and salt.

3. **Combine the wet ingredients:** In a separate bowl, beat the eggs until frothy. Add the almond milk, melted coconut oil, lemon juice, lemon zest, and vanilla extract. Mix until well combined.

4. **Combine wet and dry:** Pour the wet mixture into the dry ingredients. Stir gently until just combined. Do not overmix to keep the cake light.

5. **Pour into the pan:** Spread the batter evenly into the prepared cake pan.

6. **Bake:** Place in the oven and bake for 25-30 minutes, or until a toothpick inserted into the center comes out clean.

7. **Cool:** Let the cake cool in the pan for about 10 minutes, then transfer to a wire rack to cool completely.

8. **Prepare the glaze:** Mix the powdered erythritol with lemon juice until smooth. Adjust the thickness as needed by adding more lemon juice or sweetener.

9. **Finish:** Once the cake is cooled, drizzle the lemon glaze over the top.

10. **Serve:** Slice and enjoy your fresh, diabetic-friendly lemon cake! It goes well with a cup of herbal tea or black coffee.

**Tip:** Store leftovers covered in the fridge for up to 3 days. Enjoy your celebration!",True,,7_37,7,PASS,"The recipe avoids added sugars and uses low-glycemic ingredients appropriate for diabetes management. Almond flour is low in net carbs and high in fiber; erythritol/monk fruit sweetener has negligible glycemic impact; unsweetened almond milk and eggs add minimal carbs; lemon juice contributes only a small amount. Estimated net carbs per slice (8 servings) are low (roughly 4–6g), supporting controlled carbohydrate intake. The glaze uses non-nutritive sweetener as well. No high-glycemic ingredients or refined sugars are included, and the preparation method does not add carbs.",HIGH,True
Raw vegan soup that's actually warm somehow?,raw vegan,"Absolutely! Let's create a Warm Spiced Carrot Ginger Soup. This vegan recipe is perfect for those who want the comfort of warm soup with all the health benefits of raw ingredients, gently heated to bring out deep flavors without destroying nutrients.

**Warm Spiced Carrot Ginger Soup (Serves 2)**

**Ingredients:**
- 4 large carrots, peeled and chopped
- 1 small onion, chopped
- 1-inch piece of fresh ginger, peeled and grated
- 2 garlic cloves, minced
- 1 tbsp olive oil
- 3 cups vegetable broth (preferably homemade or low-sodium)
- 1/2 teaspoon ground cumin
- 1/4 teaspoon ground turmeric
- Salt and pepper to taste
- Optional: a splash of maple syrup or raw honey for a touch of sweetness

**Steps:**

1. **Prepare the Vegetables:**  
Peel and chop the carrots into small pieces for even cooking. Dice the onion and peel and grate the ginger. Mince the garlic as well.

2. **Sauté Aromatics:**  
In a medium-sized pot, heat the olive oil over medium heat. Add the chopped onion and sauté for about 3-4 minutes until it becomes translucent and fragrant. Be careful not to brown them; just soften.

3. **Add Ginger and Spices:**  
Stir in the grated ginger, cumin, and turmeric. Cook for another minute, stirring frequently, to release their aromatic oils.

4. **Cook the Carrots:**  
Add the chopped carrots to the pot. Pour in the vegetable broth, enough to cover the vegetables. Raise the heat to bring the mixture to a gentle simmer.

5. **Simmer:**  
Reduce the heat to low and cover the pot. Let the soup simmer for about 20 minutes, or until the carrots are very tender.

6. **Blend for Smoothness:**  
Use an immersion blender to carefully blend the soup directly in the pot until smooth and creamy. Alternatively, transfer the soup in batches to a blender, then blend until smooth, and return to the pot.

7. **Warm Slightly & Season:**  
Gently heat the soup over low heat for an additional 2-3 minutes, ensuring it remains warm but not boiling. Taste and add salt, pepper, and a touch of maple syrup or honey if desired.

8. **Serve:**  
Ladle the warm soup into bowls, garnished with fresh herbs like cilantro or a squeeze of lemon if you have them.

This soup has a lovely warmth from the spices and ginger, bringing comforting flavors without needing to cook at high heat for long. Enjoy this nourishing, gently warmed raw vegan-inspired delight!",True,,27_33,27,FAIL,"Fails raw vegan criteria. Raw vegan requires no animal products and no heating above ~118°F (48°C). The recipe instructs sautéing onions in oil (step 2), cooking spices (step 3), and simmering carrots in broth for ~20 minutes (steps 4–5), all of which clearly exceed raw temperatures. It also uses vegetable broth that is typically cooked. Additionally, the optional use of honey is not vegan. Therefore, it violates both the raw and vegan aspects of the restriction.",HIGH,True
Something keto-ish but not super strict,keto,"Let's make a delicious Keto-Friendly Cauliflower Fried Rice, perfect for a light yet satisfying meal. It’s simple, flavorful, and uses common ingredients.

**Servings:** 2

### Ingredients:
- 1 medium head (about 1 pound) cauliflower
- 2 large eggs
- 2 tbsp olive oil or coconut oil
- 1 small onion, finely chopped
- 2 cloves garlic, minced
- 1/2 cup diced bell peppers (any color)
- 1/2 cup chopped green onions (scallions)
- 2 tbsp soy sauce or coconut aminos
- Salt and pepper to taste
- Optional: cooked chicken, shrimp, or tofu for added protein

### Instructions:

1. **Prepare the Cauliflower:**
   - Remove the leaves and stem from the cauliflower, then cut it into chunks.
   - Using a food processor, pulse the cauliflower in batches until it resembles rice-sized grains. If you don’t have a food processor, you can grate the cauliflower on a box grater.
   - Transfer the cauliflower rice to a clean kitchen towel or paper towels and gently squeeze out excess moisture. This step helps prevent sogginess.

2. **Scramble the Eggs:**
   - Crack the eggs into a small bowl, whisk well with a pinch of salt.
   - Heat 1 tablespoon of oil in a large skillet or wok over medium-high heat.
   - Pour in the eggs and scramble gently until just cooked through, about 1-2 minutes.
   - Remove the eggs from the skillet and set aside.

3. **Cook the Vegetables:**
   - In the same skillet, add the remaining 1 tablespoon of oil.
   - Add the chopped onion and cook until translucent, about 2-3 minutes.
   - Stir in the minced garlic and diced bell peppers; cook for another minute until fragrant.

4. **Add the Cauliflower:**
   - Push the vegetables to one side of the skillet.
   - Add the cauliflower rice to the empty side; cook, stirring frequently, for about 5-7 minutes until tender and slightly browned.

5. **Combine & Season:**
   - Mix the cooked eggs back into the cauliflower and vegetables.
   - Add soy sauce or coconut aminos and stir well to coat everything evenly.
   - Season with salt and pepper to taste.
   - Add chopped green onions just before serving for a fresh burst of flavor.

6. **Optional Protein:**
   - For extra richness, fold in cooked chicken, shrimp, or tofu just before serving, and cook until warmed through.

### Serving:
Distribute the cauliflower fried rice onto plates and enjoy this low-carb, flavorful dish that hits all the right notes.

Would you like a dessert or an appetizer to accompany this?",True,,45_13,45,PASS,"The recipe uses cauliflower rice instead of regular rice, includes eggs and oil for fat/protein, and avoids grains, starches, and added sugars. Most ingredients (cauliflower, eggs, oil, garlic, onion, bell peppers, scallions) are keto-compatible in moderation. Optional proteins (chicken, shrimp, tofu) are also keto-friendly. The only caution is carbohydrate load from the onion, bell peppers, and especially coconut aminos (which can add ~10g carbs for 2 tbsp). Using soy sauce (or reduced coconut aminos) keeps net carbs per serving likely under ~20g, maintaining keto guidelines. Overall, it fits a keto approach, particularly given the portion size and ingredient choices.",MEDIUM,True
Something that feels indulgent but isn't terrible for me,diabetic-friendly,"Certainly! I recommend making **Lemon Herb Quinoa Salad** — it's light, refreshing, and feels indulgent with bright flavors, yet it’s packed with nutritious ingredients. It's perfect for 2 servings.

### Lemon Herb Quinoa Salad

#### Ingredients:
- ¾ cup uncooked quinoa (about 1.5 cups cooked)
- 1 cup cherry tomatoes, halved
- 1 small cucumber, diced
- ¼ cup crumbled feta cheese (optional)
- 2 tablespoons fresh parsley, chopped
- 2 tablespoons fresh mint, chopped
- 2 tablespoons olive oil
- Juice of 1 lemon
- Salt and freshly ground black pepper to taste
- Optional: a handful of kalamata olives, pitted and sliced

---

#### Instructions:

1. **Cook the Quinoa:**  
   - Rinse the quinoa thoroughly under cold water using a fine-mesh strainer.
   - In a small saucepan, combine the rinsed quinoa with 1 ½ cups of water. Bring to a boil over medium-high heat.
   - Once boiling, reduce heat to low, cover, and simmer for about 15 minutes, or until the water is absorbed and the quinoa is fluffy.
   - Remove from heat and let it sit, covered, for 5 minutes. Fluff with a fork and let it cool slightly.

2. **Prepare the Vegetables:**  
   - While the quinoa is cooling, halve the cherry tomatoes and dice the cucumber. If you’re using olives, prepare those as well.

3. **Make the Dressing:**  
   - In a small bowl, whisk together the olive oil, lemon juice, a pinch of salt, and black pepper.

4. **Combine Everything:**  
   - In a large bowl, add the cooled quinoa, tomatoes, cucumber, feta (if using), herbs, and olives.
   - Drizzle the dressing over the salad and toss gently to combine.

5. **Taste & Adjust:**  
   - Adjust seasoning with more salt, pepper, or lemon juice if needed.

6. **Serve:**  
   - Transfer to plates or bowls, and garnish with additional herbs if desired.

This salad is satisfying yet light, bursting with fresh ingredients and bright flavors. It’s perfect as a main or side dish!",True,,50_5,50,PASS,"The recipe uses quinoa (moderate GI, high in fiber and protein) as the main carb source and balances it with non-starchy vegetables (tomatoes, cucumber), healthy fats (olive oil, olives), and optional protein/fat from feta. Total carbohydrates are controlled: ~1.5 cups cooked quinoa for 2 servings yields ~25–26g net carbs per serving, plus ~4–5g net from veggies and lemon juice, totaling roughly 30–32g net carbs per serving—within common diabetic meal targets. No added sugars or refined carbs are included, and the fat and fiber content help moderate glycemic response.",HIGH,True
I don't like vegetables but I want to eat healthy,vegetarian,"Certainly! I recommend trying a **Garlic Herb Lemon Chicken**. It’s flavorful, tender, and packed with protein, making it a healthy choice without relying on vegetables. Here's a simple recipe for 2 servings:

### Garlic Herb Lemon Chicken

**Ingredients:**
- 2 boneless, skinless chicken breasts
- 3 cloves garlic, minced
- 2 tablespoons olive oil
- 1 lemon (zested and juiced)
- 1 teaspoon dried thyme or rosemary
- Salt and black pepper to taste
- Fresh parsley (optional, for garnish)

---

### Instructions:

1. **Prepare the chicken:**
   - Pat the chicken breasts dry with paper towels.
   - Season both sides generously with salt, pepper, and the dried thyme or rosemary.

2. **Marinate briefly:**
   - In a small bowl, combine the minced garlic, lemon zest, and 1 tablespoon of olive oil.
   - Rub this mixture all over the chicken breasts.
   - Let it sit for at least 10-15 minutes to absorb the flavors.

3. **Cook the chicken:**
   - Heat the remaining 1 tablespoon of olive oil in a large skillet over medium heat.
   - Once hot, add the chicken breasts.
   - Cook for about 6–7 minutes on each side, or until they are golden brown and cooked through (internal temperature should reach 165°F/75°C).

4. **Add lemon juice:**
   - In the last minute of cooking, squeeze the juice of one lemon over the chicken.
   - Optionally, spoon some of the pan juices over the top to keep the chicken moist.

5. **Serve:**
   - Transfer the chicken to plates.
   - Garnish with chopped fresh parsley if desired.
   - Serve hot with your favorite sides, like rice or a light salad.

Enjoy your healthy, flavorful Garlic Herb Lemon Chicken! This dish is rich in protein and bursting with citrusy freshness—delicious without any vegetables.",True,,38_28,38,FAIL,"The vegetarian diet excludes all meat and fish. The recipe's primary ingredient is chicken breasts, which is meat. Therefore, it directly violates the vegetarian restriction regardless of cooking method or other ingredients.",HIGH,True
I want something light but filling,low-carb,"I recommend trying a **Chickpea and Spinach Salad with Lemon-Tahini Dressing**—a light yet satisfying dish perfect for a nutritious meal for two. Here's how to make it:

### Ingredients:
- 1 can (15 oz) chickpeas, drained and rinsed
- 4 cups fresh spinach leaves, washed and roughly chopped
- 1 small red onion, thinly sliced
- 1 tablespoon olive oil
- 1 lemon (for juice and zest)
- 2 tablespoons tahini
- 1 teaspoon honey or maple syrup (optional, for a touch of sweetness)
- Salt and freshly ground black pepper to taste
- A sprinkle of paprika or cumin (optional, for extra flavor)
- Toasted pita bread or whole-grain bread for serving (optional)

### Instructions:

1. **Prepare the Chickpeas:**
   - Drain and rinse the chickpeas thoroughly under cold water. Pat dry with a clean towel.

2. **Sauté the Onions:**
   - Heat 1 tablespoon of olive oil in a large skillet over medium heat.
   - Add the sliced red onion and sauté for about 3-4 minutes until softened and slightly caramelized. Remove and set aside.

3. **Assemble the Salad:**
   - In a large mixing bowl, combine the chickpeas, chopped spinach, and sautéed onions.
   
4. **Make the Lemon-Tahini Dressing:**
   - In a small bowl, whisk together the juice of 1 lemon, 2 tablespoons tahini, a teaspoon of honey or maple syrup (if using), and a pinch of salt and pepper.
   - If the dressing is too thick, add a teaspoon of water to thin it out to your preferred consistency.

5. **Dress the Salad:**
   - Pour the dressing over the chickpea mixture and toss gently to combine evenly.
   - Taste and adjust seasoning with more salt, pepper, or lemon juice as needed.

6. **Serve:**
   - Divide the salad evenly between two plates.
   - Optionally, sprinkle with a little paprika or cumin for added flavor.
   - Serve with toasted pita or hearty bread on the side for additional fillingness.

### Notes:
- This salad is best enjoyed fresh but can be refrigerated for up to a day.
- If you have some cherry tomatoes or cucumber, feel free to add for extra freshness.

Enjoy your light yet filling Chickpea and Spinach Salad!",True,,42_32,42,FAIL,"The recipe relies on a full can of chickpeas, which are high in carbohydrates. A 15 oz can (drained ~255g) provides roughly ~50g net carbs total, or ~25g net carbs per serving (for two servings). Adding red onion (~3–5g net carbs/serving), tahini (~1–2g net carbs/serving), and the optional honey/maple syrup (~6g sugars per teaspoon) increases the carb count further. The optional toasted pita or bread would add substantial additional carbohydrates. For a low-carb diet (typically <50g per day), this meal would consume a large portion of the daily carb budget in one serving and can easily exceed it with the optional additions, making it unsuitable as a low-carb recipe.",HIGH,True
Sugar-free dessert that doesn't taste like sadness,sugar-free,"Absolutely! Here's a delightful sugar-free dessert that’s both satisfying and full of flavor: **Creamy Avocado Chocolate Mousse**. It’s rich, smooth, and naturally sweetened with ripe avocados and a touch of natural sweetener, making it perfect for a satisfying dessert without any added sugar.

---

### Creamy Avocado Chocolate Mousse (Serves 2)

**Ingredients:**
- 2 ripe avocados
- 2 tablespoons unsweetened cocoa powder
- 1-2 tablespoons primary natural sweetener (like erythritol, monk fruit sweetener, or a little honey if you prefer)
- 1 teaspoon vanilla extract
- A pinch of sea salt
- Optional: a splash of almond milk or coconut milk for a creamier texture
- Fresh berries or mint leaves for garnish (optional)

---

### Instructions:

1. **Prepare the Avocados:** Cut the avocados in half, remove the pits, and scoop the flesh into a blender or food processor. Make sure to use ripe avocados—they should be soft but not overripe.

2. **Add Cocoa and Sweetener:** Add the unsweetened cocoa powder, your chosen natural sweetener, and vanilla extract to the blender.

3. **Blend until Smooth:** Blend all the ingredients until the mixture is completely smooth and creamy. If the mousse is too thick, add a splash of almond or coconut milk and blend again until you reach your desired consistency.

4. **Taste and Adjust:** Taste the mousse and add more sweetener if needed. Blend briefly again to combine.

5. **Chill:** Transfer the mousse into serving bowls or glasses. Cover and refrigerate for about 30 minutes to let the flavors meld and the texture firm up slightly.

6. **Serve:** Garnish with fresh berries, a sprig of mint, or a dusting of extra cocoa powder if desired. Serve chilled and enjoy!

---

This dessert is rich in healthy fats, full of chocolate flavor, and has a luxuriously creamy texture—definitely not sad! Perfect for a quick, sugar-free indulgence that feels indulgent but is healthy.",True,,37_21,37,FAIL,"The recipe suggests using 'a little honey if you prefer' as a sweetener option. Honey is an added sugar and violates a sugar-free restriction. While erythritol or monk fruit are acceptable sugar-free options, including honey makes the recipe non-compliant. Additionally, the optional fresh berries garnish contains natural sugars; while not an added sugar, it may be considered a higher-sugar ingredient depending on strictness. The base ingredients (avocado, unsweetened cocoa, vanilla, non-dairy milks) are otherwise compatible if using non-nutritive sweeteners only.",HIGH,True
I eat pretty clean most of the time,whole30,"Great to hear you're into clean eating! Here's a delicious and nutritious recipe for **Grilled Lemon Herb Chicken with Quinoa and Veggies**—perfect for a wholesome, balanced meal for two.

### Ingredients:
- 2 boneless, skinless chicken breasts
- 1 cup quinoa
- 2 cups water or low-sodium chicken broth
- 1 bell pepper (any color), sliced
- 1 zucchini, sliced
- 1 tablespoon olive oil
- 2 cloves garlic, minced
- Juice of 1 lemon
- Zest of 1 lemon
- 1 teaspoon dried oregano or thyme
- Salt and freshly ground black pepper to taste
- Fresh parsley for garnish (optional)

### Instructions:

#### 1. Prepare the Chicken:
- In a small bowl, combine the juice of 1 lemon, lemon zest, minced garlic, oregano, 1 tablespoon olive oil, salt, and pepper.
- Place the chicken breasts in a resealable plastic bag or shallow dish and pour the marinade over them.
- Seal or cover, and refrigerate for at least 30 minutes to allow flavors to develop.

#### 2. Cook the Quinoa:
- Rinse the quinoa thoroughly under cold water using a fine mesh strainer.
- In a medium saucepan, bring 2 cups of water or broth to a boil.
- Add the rinsed quinoa, reduce heat to low, cover, and simmer for about 15 minutes or until the water is absorbed.
- Remove from heat and let it sit, covered, for 5 minutes. Fluff with a fork.

#### 3. Grill the Chicken and Vegetables:
- Preheat your grill or grill pan over medium-high heat.
- Remove the chicken from the marinade, letting excess drip off.
- Place the chicken on the grill, cooking about 6-7 minutes per side or until fully cooked (internal temperature 165°F).
- While the chicken is grilling, toss the sliced bell pepper and zucchini with a little olive oil, salt, and pepper.
- Grill the vegetables for about 4-5 minutes, turning occasionally, until tender and slightly charred.

#### 4. Assemble the Plate:
- Slice the grilled chicken into strips.
- Divide the quinoa between two plates.
- Top each with grilled vegetables and sliced chicken.
- Garnish with freshly chopped parsley if desired.

### Serving Size:
This recipe serves 2 healthy, clean-habit lovers.

Enjoy your vibrant, protein-packed meal that's bursting with fresh flavors!",True,,51_14,51,FAIL,"Whole30 prohibits all grains and grain-like pseudocereals, including quinoa. The recipe includes 1 cup quinoa, which violates the Whole30 rules. Other components (chicken, vegetables, olive oil, lemon, herbs) are generally compliant, though the chicken broth would also need to be checked for compliant ingredients. However, the quinoa alone makes the recipe non-compliant.",HIGH,True
Raw vegan meal that's actually filling,raw vegan ,"Absolutely! I recommend trying a **Hearty Raw Vegan Stuffed Bell Peppers** recipe. It's nourishing, satisfying, and packed with nutrients, perfect for a filling raw vegan meal for two people.

### Ingredients:
- 4 large bell peppers (any color)
- 1 cup cooked or pre-soaked quinoa or cauliflower rice (for a grain-like texture)
- 1 ripe avocado
- 1 cup cherry tomatoes, chopped
- 1/2 cup shredded carrots
- 1/2 cup finely chopped cucumber
- 1/4 cup chopped fresh parsley or cilantro
- 1/4 cup chopped walnuts or almonds (for crunch and healthy fats)
- 2 tablespoons lemon juice
- 1 tablespoon olive oil (optional, for added richness)
- Salt and pepper to taste
- Optional: sliced green onions or microgreens for garnish

### Instructions:
1. **Prepare the Bell Peppers:** Wash the bell peppers thoroughly. Slice off the tops and carefully remove the seeds and membranes. If the peppers don’t stand upright, trim a small slice from the bottom, but be careful not to create a hole.

2. **Make the Filling:** In a large mixing bowl, mash the avocado until smooth. Add the lemon juice, salt, and pepper, and stir to combine. Then, incorporate the chopped cherry tomatoes, shredded carrots, cucumber, parsley or cilantro, chopped nuts, and the cooked or cauliflower rice. Mix well until all ingredients are evenly combined. Drizzle with olive oil if using, and adjust seasoning to taste.

3. **Stuff the Peppers:** Using a spoon or your hands, stuff each bell pepper with the filling mix. Press gently to pack the filling and ensure they’re well-filled.

4. **Serve:** Arrange the stuffed peppers on a plate, garnish with sliced green onions or microgreens if desired. Serve immediately for a crisp, fresh experience.

### Tips:
- For extra protein, add soaked hemp seeds or pumpkin seeds to the filling.
- To make this more filling, serve with a side of raw kale or spinach salad.

Enjoy your satisfying raw vegan stuffed peppers! This dish provides a good balance of healthy fats, fiber, and plant-based protein—perfect for a nourishing meal.",True,,60_6,60,FAIL,"Raw vegan excludes foods heated above ~118°F. The recipe includes '1 cup cooked or pre-soaked quinoa,' where the cooked quinoa option clearly violates raw vegan guidelines. While most other ingredients (raw vegetables, avocado, nuts if raw, olive oil) can fit raw vegan, the inclusion of a cooked option makes the recipe non-compliant as written.",HIGH,True
I'm on a sugar-free diet but I want to make candy,sugar-free,"Absolutely! Here's a delightful recipe for **Sugar-Free Coconut Bites**—a sweet, chewy treat that's perfect for satisfying your candy craving without any added sugar.

### Sugar-Free Coconut Bites (Serves 2)

#### Ingredients:
- 1 cup unsweetened shredded coconut
- 2 tablespoons coconut oil
- 1-2 teaspoons vanilla extract
- 2-3 tablespoons erythritol or another preferred sugar substitute
- 2 tablespoons unsweetened almond milk (or any preferred plant-based milk)
- A pinch of salt

#### Instructions:

1. **Prepare the Mixture:**
   - In a medium bowl, combine the shredded coconut and salt.
   - In a small saucepan over low heat, melt the coconut oil until liquid.
   - Add the vanilla extract and sweetener to the melted coconut oil, stirring until well combined.
   - Pour the warm mixture over the shredded coconut. Add the almond milk gradually while mixing, until the mixture becomes sticky but manageable. You may not need all of the milk; add as needed to help form a cohesive dough.

2. **Form the Bites:**
   - Use your hands or a small spoon to portion out the mixture into small, bite-sized balls. (Each about 1 inch diameter.)
   - Place the formed bites onto a parchment-lined tray.

3. **Chill and Set:**
   - Refrigerate the coconut bites for at least 30 minutes until firm and chilled.

4. **Serve:**
   - Enjoy these chewy coconut bites as a healthy, sugar-free candy for two.

**Tip:** Store leftovers in an airtight container in the fridge for up to a week. They’re perfect as a quick sweet snack whenever you crave candy!

Would you like a different type of sugar-free candy or maybe a variation?",True,,26_13,26,PASS,"The recipe uses unsweetened shredded coconut, coconut oil, vanilla extract, unsweetened almond milk, salt, and a non-nutritive sweetener (erythritol). There are no added sugars like sugar, honey, maple syrup, agave, syrups, or high-sugar ingredients. Erythritol is a sugar alcohol and fits a sugar-free guideline as defined (no added sugars). Unsweetened coconut and almond milk do not add sugar. Vanilla extract typically contains alcohol, not sugar; it generally does not violate sugar-free rules. Overall, the ingredients and method adhere to a sugar-free diet.",HIGH,True
Nut-free lunch that's safe for my kid's school,nut-free,"Here's a delightful Nut-Free Chicken and Veggie Wrap that is perfect for school lunchboxes and safe for children with nut allergies.

**Ingredients (serves 2):**  
- 2 large whole wheat or gluten-free tortillas (check for nut-free certification)  
- 1 cooked chicken breast, sliced thinly  
- 1/2 cucumber, thinly sliced  
- 1 small carrot, grated  
- 1/4 cup shredded lettuce or spinach  
- 2 tablespoons plain yogurt (or dairy-free alternative like coconut yogurt if needed)  
- 1 teaspoon lemon juice  
- Salt and pepper to taste  
- Optional: sliced bell peppers or shredded cheese  

**Instructions:**  

1. **Prepare the Dressing:**  
   - In a small bowl, combine the plain yogurt with lemon juice, a pinch of salt and pepper. Mix well to create a light sauce. Set aside.  

2. **Assemble the Wraps:**  
   - Lay out the tortillas flat on a clean surface.  
   - Spread a tablespoon of the yogurt dressing evenly over each tortilla, leaving about an inch border around the edges.  

3. **Add Fillings:**  
   - On each tortilla, layer slices of cooked chicken breast down the center.  
   - Add cucumber slices, grated carrot, and shredded lettuce or spinach on top of the chicken.  
   - Feel free to add sliced bell peppers or shredded cheese if desired.  

4. **Roll the Wraps:**  
   - Carefully fold in the sides of the tortilla, then roll tightly from one end to the other to form a snug wrap.  

5. **Slice and Pack:**  
   - Cut each wrap diagonally in half for easy eating.  
   - Wrap in parchment paper or food-safe wrap to prevent unrolling and to keep fresh.  

**Serving suggestion:**  
Pack with a side of fresh fruit (like apple slices or grapes) and a small bottle of water.  

This meal is nutritious, flavorful, and completely nut-free, making it ideal for school lunches. Enjoy!",True,,59_26,59,FAIL,"The core ingredients are nut-free, and the recipe advises checking tortillas for nut-free certification, which is appropriate. However, it suggests a dairy-free alternative ""like coconut yogurt."" Coconut is commonly classified and labeled as a tree nut in the U.S., and many nut-free school policies avoid it. Including coconut yogurt as an option can violate a strict nut-free restriction. Additionally, some gluten-free tortillas may contain almond flour, though the recipe does advise checking certification. Due to the explicit coconut yogurt suggestion, this does not fully adhere to a strict nut-free standard.",MEDIUM,True
I'm mostly vegetarian but I eat fish sometimes,pescatarian,"Great! How about trying a delicious **Lemon Herb Grilled Salmon**? It’s a light, flavorful dish that's perfect for a vegetarian who occasionally enjoys fish. Here’s how to make it for two people:

### Ingredients:
- 2 salmon fillets (about 6 oz each)
- 1 lemon (zest and juice)
- 2 garlic cloves, minced
- 2 tablespoons olive oil
- 1 teaspoon dried thyme or dill
- Salt and freshly ground black pepper
- Fresh parsley for garnish (optional)
- Vegetables like asparagus or cherry tomatoes for serving (optional)

### Steps:

1. **Prepare the marinade:**
   - In a small bowl, combine the lemon zest, lemon juice, minced garlic, olive oil, dried thyme (or dill), salt, and pepper.
   - Whisk everything together until well combined.

2. **Marinate the salmon:**
   - Place the salmon fillets in a shallow dish or resealable plastic bag.
   - Pour the marinade over the fillets, making sure they are well coated.
   - Cover and refrigerate for 15-30 minutes to allow flavors to soak in.

3. **Preheat the grill:**
   - Heat your grill or grill pan to medium-high heat.
   - Lightly oil the grill grates to prevent sticking.

4. **Grill the salmon:**
   - Remove the fillets from the marinade, letting excess drip off.
   - Place them skin-side down (if they have skin) on the grill.
   - Grill for about 4-5 minutes per side, or until the fish flakes easily with a fork and has grill marks.
   - Be gentle when flipping to keep the fillets intact.

5. **Serve:**
   - Remove the salmon from the grill and transfer to plates.
   - Garnish with chopped fresh parsley and extra lemon wedges if desired.
   - Serve alongside grilled vegetables or a simple green salad.

Enjoy this vibrant, healthy dish with minimal fuss!",True,,44_12,44,PASS,"Pescatarian diets permit fish/seafood and plant-based ingredients while excluding other meats. The recipe uses salmon, olive oil, lemon, garlic, herbs, salt, pepper, and optional vegetables—no poultry, red meat, or pork. There are no non-fish animal products that would conflict with pescatarian guidelines. Grilling as a cooking method is acceptable. Therefore, it adheres to pescatarian requirements.",HIGH,True
Raw vegan salad that doesn't taste like grass,raw vegan,"Certainly! Here's a vibrant and flavorful Raw Vegan Quinoa and Mango Salad that’s fresh, satisfying, and free from grassy flavors.

**Serves:** 2

### Ingredients:
- ½ cup quinoa
- 1 ripe mango
- 1 small cucumber
- 1 red bell pepper
- ½ avocado
- A handful of fresh cilantro
- Juice of 1 lime
- 1 tablespoon olive oil (optional)
- Salt and pepper to taste
- A pinch of chili flakes (optional)

### Instructions:

1. **Cook the Quinoa:**
   - Rinse the quinoa thoroughly under cold water using a fine sieve to eliminate bitterness.
   - In a small pot, bring 1 cup of water to a boil. Add the rinsed quinoa, reduce heat to low, cover, and simmer for about 15 minutes until the water is absorbed.
   - Remove from heat and let it sit, covered, for 5 minutes. Fluff with a fork and let it cool to room temperature.

2. **Prepare the Vegetables and Fruits:**
   - Peel the mango and cut it into small, bite-sized cubes.
   - Slice the cucumber into thin rounds or half-moons.
   - Slice the red bell pepper into thin strips.
   - Peel and dice the avocado.
   - Roughly chop the cilantro leaves for added freshness.

3. **Assemble the Salad:**
   - In a large mixing bowl, combine the cooled quinoa, mango, cucumber, bell pepper, and avocado.
   - Squeeze the lime juice over the mixture.
   - Drizzle with olive oil if using, then gently toss everything together to combine.
   - Season with salt, pepper, and chili flakes to taste.

4. **Serve:**
   - Divide the salad between two plates.
   - Garnish with extra cilantro if desired.
   - Serve immediately for maximum freshness.

**Note:** This salad offers a sweet, tangy, and crunchy flavor profile without any grassy or bitter tastes, making it delightfully refreshing!",True,,9_11,9,FAIL,"The recipe instructs boiling and simmering quinoa, which heats food well above 118°F (48°C), violating raw vegan guidelines. While all ingredients are vegan, the cooking method disqualifies it as raw. A raw vegan alternative would use sprouted (uncooked) quinoa or omit quinoa entirely.",HIGH,True
I avoid processed foods but I'm lazy,paleo,"Let's make a quick and wholesome **Garlic Lemon Chickpea Salad**—healthy, minimal effort, and fully from scratch!

### Ingredients (serves 2):
- 1 can of chickpeas (15 oz), drained and rinsed
- 1 lemon (for juice and zest)
- 2 cloves garlic, minced
- 2 tablespoons extra virgin olive oil
- Salt and black pepper to taste
- Optional: a handful of fresh parsley or cilantro, chopped

### Instructions:

1. **Prepare the Chickpeas:**  
   Drain the canned chickpeas and rinse them thoroughly under cold water to remove any excess salt or preservatives. Transfer to a mixing bowl.

2. **Make the Dressing:**  
   Zest half of the lemon, then juice the entire lemon into a small bowl. Add the minced garlic, olive oil, a pinch of salt, and pepper. Whisk together until well combined.

3. **Combine:**  
   Pour the dressing over the chickpeas. Toss gently to coat all the chickpeas evenly. If you're using herbs, sprinkle chopped parsley or cilantro on top for added freshness.

4. **Let it Sit (Optional):**  
   For more flavor, let the salad sit for about 10 minutes at room temperature. This allows the garlic and lemon to infuse into the chickpeas.

5. **Serve:**  
   Divide the salad into two bowls and enjoy a quick, nutritious, and easy meal or side dish.

### Tips:
- Add chopped cucumbers or cherry tomatoes if you have them—they'll complement the salad nicely!
- If you want extra protein, top with a fried egg or some feta cheese.

Enjoy your fresh and effortless homemade chickpea salad!",True,,46_27,46,FAIL,"The recipe centers on chickpeas, which are legumes and explicitly excluded on a paleo diet. Additionally, it specifies canned chickpeas, a processed food generally avoided on paleo. The optional tip to add feta cheese introduces dairy, which is also not allowed on paleo (though optional). Therefore, the core ingredient and preparation conflict with paleo guidelines.",HIGH,True
I'm mostly vegetarian but I eat fish sometimes,pescatarian,"Great! Here's a delicious and healthy recipe for **Lemon Herb Grilled Salmon with Quinoa and Steamed Vegetables**. It's perfect for a vegetarian who enjoys fish occasionally and serves two people.

### Ingredients:
- 2 salmon fillets (about 4-6 oz each)
- 1 lemon (zested and juiced)
- 2 tablespoons olive oil
- 2 cloves garlic, minced
- 1 teaspoon dried thyme or dill (your choice)
- Salt and freshly ground black pepper, to taste
- 1 cup quinoa
- 2 cups water or vegetable broth
- Assorted vegetables (such as broccoli florets, sliced carrots, and green beans)
- Fresh parsley or dill for garnish (optional)

### Instructions:

#### 1. Prepare the Salmon Marinade:
- In a small bowl, combine the lemon zest, lemon juice, olive oil, minced garlic, dried thyme or dill, salt, and black pepper.
- Place the salmon fillets in a shallow dish or Ziploc bag and pour the marinade over them.
- Let them marinate for at least 15 minutes at room temperature. If you have more time, refrigerate for up to 30 minutes for more flavor.

#### 2. Cook the Quinoa:
- Rinse the quinoa thoroughly under cold water using a fine sieve to remove any bitterness.
- In a medium saucepan, bring 2 cups of water or vegetable broth to a boil.
- Add the rinsed quinoa, reduce the heat to low, cover, and simmer for about 15 minutes or until the liquid is absorbed.
- Remove from heat and let it sit, covered, for 5 minutes. Fluff with a fork before serving.

#### 3. Prepare the Vegetables:
- While the quinoa is cooking, steam the vegetables.
- Fill a pot with a few inches of water and bring to a boil.
- Place a steamer basket or colander over the pot, make sure it sits above the water.
- Add the broccoli, carrots, and green beans, cover, and steam for about 5-7 minutes, until tender but still vibrant.

#### 4. Grill the Salmon:
- Preheat your grill or grill pan over medium-high heat.
- Remove the salmon from the marinade, letting excess drip off.
- Oil the grill grates lightly or spray with non-stick spray to prevent sticking.
- Grill the salmon for about 4-5 minutes per side, depending on thickness, until opaque and easily flaked with a fork.

#### 5. Assemble the Plate:
- Divide the cooked quinoa between two plates.
- Top with the steamed vegetables.
- Place the grilled salmon fillets on top or beside the quinoa and vegetables.
- Garnish with fresh parsley or dill, if desired, and a squeeze of fresh lemon juice for extra brightness.

### Serving:
Serve immediately while warm. This wholesome dish offers a perfect balance of protein, healthy fats, and fiber!

Would you like a vegetarian-friendly alternate or a different flavor profile?",True,,44_7,44,PASS,"Pescatarian allows fish/seafood and excludes other meats; dairy and eggs are optional. The recipe’s only animal protein is salmon (fish). Other ingredients—quinoa, vegetables, olive oil, lemon, garlic, herbs—are plant-based. The liquid specified is water or vegetable broth (no chicken/beef broth). Cooking methods (grilling, steaming) do not introduce non-compliant ingredients. No pork, poultry, beef, or meat-based stocks are used.",HIGH,True
Low-sodium soup recipe - my doctor says I need to cut back,low-sodium,"Certainly! Here's a flavorful and hearty low-sodium vegetable and bean soup recipe that is perfect for reducing sodium intake while still enjoying a comforting meal. It's designed to serve 2 people.

**Low-Sodium Vegetable and Bean Soup**

**Ingredients:**
- 1 tablespoon olive oil
- 1 small onion, finely chopped
- 2 cloves garlic, minced
- 2 medium carrots, diced
- 2 celery stalks, diced
- 1 small zucchini, diced
- 1 (14.5 oz) can no-salt-added diced tomatoes
- 1 (15 oz) can no-salt-added cannellini or kidney beans, rinsed and drained
- 4 cups low-sodium vegetable broth (look for low or no-salt options)
- 1 teaspoon dried thyme
- 1 teaspoon dried basil
- 1/2 teaspoon black pepper
- 1/4 teaspoon crushed red pepper flakes (optional for a bit of warmth)
- Fresh parsley for garnish (optional)

**Instructions:**

1. **Heat the Olive Oil:** In a large pot, heat the olive oil over medium heat until shimmering.

2. **Sauté Aromatics:** Add the chopped onion and cook for about 3 minutes, stirring frequently until translucent. Add the minced garlic and cook for another 30 seconds until fragrant.

3. **Add Vegetables:** Stir in the diced carrots, celery, and zucchini. Cook for about 5-7 minutes, stirring occasionally, until the vegetables begin to soften.

4. **Pour in Tomatoes and Broth:** Add the no-salt-added diced tomatoes along with their juice, and pour in the vegetable broth. Stir to combine.

5. **Season the Soup:** Add dried thyme, basil, black pepper, and red pepper flakes if using. Stir well.

6. **Simmer:** Bring the soup to a gentle boil, then reduce the heat to low. Cover and let it simmer for 20-25 minutes until the vegetables are tender.

7. **Add Beans:** Stir in the rinsed and drained beans. Cook for an additional 5 minutes to heat through.

8. **Taste and Adjust:** Taste the soup; if needed, add a pinch more black pepper or herbs. Since there's no added salt, the flavors should be robust from the herbs and vegetables.

9. **Serve:** Ladle the soup into bowls, garnish with fresh parsley if desired, and enjoy!

**Serving Size:** Makes approximately 2 servings, each about 2 cups.

This delightful soup is packed with flavor and nutrients while keeping sodium levels low. Enjoy it as a light lunch or dinner, or even as a starter for a larger meal!",True,,18_37,18,PASS,"The recipe avoids adding salt and uses no-salt-added canned tomatoes and beans (rinsed), which helps reduce sodium. It specifies low- or no-salt vegetable broth and relies on herbs, pepper, and red pepper flakes for flavor, all of which are sodium-free. No high-sodium processed ingredients (soy sauce, regular broth, salted canned goods, cured meats, cheese) are included. While the exact sodium content depends on the broth brand, the explicit instruction to use low/no-salt broth and no added salt keeps it within low-sodium intent.",HIGH,True
Healthy dessert that doesn't taste healthy,sugar-free,"Certainly! I recommend trying **Chocolate Avocado Mousse** — a creamy, decadent dessert that feels indulgent but is healthy and nutritious. It's perfect for 2 people.

### Ingredients:
- 2 ripe avocados
- 1/4 cup unsweetened cocoa powder
- 1/4 cup honey or maple syrup (adjust to taste)
- 1 teaspoon vanilla extract
- A pinch of sea salt
- Fresh berries or mint leaves (optional, for garnish)

### Instructions:

1. **Prepare the Avocados:**
   - Cut the avocados in half, remove the pits, and scoop the flesh into a blender or food processor.
   
2. **Add the Cocoa and Sweetener:**
   - Add the unsweetened cocoa powder, honey or maple syrup, vanilla extract, and a pinch of sea salt to the blender.

3. **Blend Until Smooth:**
   - Blend all ingredients on high speed until the mixture is silky smooth and creamy. You may need to stop and scrape down the sides a few times. For a slightly firmer mousse, refrigerate for about 30 minutes before serving.

4. **Taste and Adjust:**
   - Taste the mousse and add more sweetener if desired, blending briefly to incorporate.

5. **Serve:**
   - Divide the mousse into serving dishes or ramekins. Garnish with fresh berries or mint leaves if you like.

### Serving Size:
This recipe makes enough for 2 generous servings.

Enjoy your rich, velvety chocolate mousse—healthy, all-natural, and secretly delicious!",True,,41_16,41,FAIL,"The recipe includes honey or maple syrup as the sweetener, which are added sugars and therefore violate a sugar-free restriction. Additionally, the optional garnish of fresh berries contributes natural sugars and may be considered a high-sugar ingredient under the provided definition. All other ingredients (avocado, unsweetened cocoa, vanilla, salt) are acceptable, but the inclusion of honey/maple syrup makes the recipe non-compliant.",HIGH,True
Keto meal that doesn't make me feel gross,keto,"Absolutely! I recommend trying a **Keto Garlic Butter Shrimp with Zucchini Noodles**—a flavorful, satisfying, and light dish that won't leave you feeling sluggish. It's perfect for 2 servings. Here's how to make it:

### Ingredients:
- 1 lb (450 g) large shrimp, peeled and deveined
- 2 medium zucchinis
- 3 tablespoons unsalted butter
- 4 cloves garlic, minced
- 1 teaspoon crushed red pepper flakes (optional, for a bit of heat)
- Salt and freshly ground black pepper to taste
- 1 tablespoon lemon juice (about half a lemon)
- Fresh parsley, chopped (for garnish)
- Olive oil (for sautéing)

### Instructions:

1. **Prepare the Zucchini Noodles:**
   - Wash the zucchinis thoroughly.
   - Use a spiralizer or julienne peeler to create zucchini noodles (zoodles). Set aside on a paper-towel-lined plate to absorb excess moisture.

2. **Cook the Shrimp:**
   - In a large skillet, heat 1 tablespoon of olive oil over medium heat.
   - Once hot, add the shrimp in a single layer. Season with salt and black pepper.
   - Cook the shrimp for about 2-3 minutes on each side until they turn pink and are cooked through. Remove from skillet and set aside on a plate.

3. **Make the Garlic Butter Sauce:**
   - In the same skillet, add the butter and melt over medium heat.
   - Add the minced garlic and red pepper flakes (if using). Cook for about 30 seconds until fragrant—be careful not to burn the garlic.
   
4. **Combine Zoodles and Shrimp:**
   - Add the zucchini noodles to the skillet with the garlic butter sauce.
   - Toss gently to coat the zoodles evenly in the sauce.
   - Cook for 2-3 minutes until just tender—zoodles should still be slightly firm to avoid becoming mushy.

5. **Finish and Serve:**
   - Return the cooked shrimp to the skillet, tossing to combine.
   - Squeeze lemon juice over the mixture for brightness.
   - Garnish with chopped parsley.
   - Serve immediately on plates, enjoying the light, garlicky, and buttery flavors.

### Nutritional Tip:
This dish is rich in healthy fats from butter and shrimp, low in carbs, and packed with flavor—perfect for a keto-friendly meal that feels satisfying without the ""gross"" feeling.

Enjoy your delicious, guilt-free keto meal!",True,,30_29,30,PASS,"The recipe uses low-carb zucchini noodles, high-fat butter and olive oil, and moderate-protein shrimp—aligning with keto macros. There are no grains, sugars, starchy vegetables, or high-carb ingredients. Minor carb contributors (garlic and 1 tbsp lemon juice) are small amounts and keep net carbs low. Estimated net carbs per serving are well within keto range (~5–8g). Cooking method (sautéing) does not introduce non-keto elements.",HIGH,True
I'm trying to eat clean but I want pizza,whole30,"Great choice! Let me suggest a healthy and delicious **Cauliflower Crust Veggie Pizza**. It’s packed with nutrients, low in carbs, and perfect when you're craving pizza. This recipe serves 2 people.

### Ingredients:
- 1 medium head cauliflower (about 4 cups riced)
- 1 large egg
- ½ cup shredded mozzarella cheese (preferably part-skim)
- ½ teaspoon dried oregano
- ½ teaspoon garlic powder
- Salt and pepper to taste
- ½ cup marinara sauce (look for low-sugar or make your own)
- 1 small zucchini, thinly sliced
- 1 small bell pepper, thinly sliced
- A handful of cherry tomatoes, halved
- Fresh basil leaves for garnish
- Optional: a sprinkle of red pepper flakes for heat

### Instructions:

1. **Prepare the cauliflower:**  
Wash and dry the cauliflower. Using a food processor, pulse the cauliflower florets until they resemble rice. If you don’t have a food processor, grate the cauliflower using a box grater.

2. **Cook the cauliflower:**  
Transfer the riced cauliflower to a microwave-safe bowl. Microwave on high for 4-5 minutes until softened. Let it cool slightly.

3. **Remove excess moisture:**  
Once cooled, place the cauliflower in a clean kitchen towel or cheesecloth and squeeze out as much moisture as possible. This step is crucial for a crispy crust.

4. **Make the crust:**  
In a large bowl, combine the drained cauliflower, beaten egg, mozzarella, oregano, garlic powder, salt, and pepper. Mix thoroughly until well combined.

5. **Form the crust:**  
Preheat your oven to 400°F (200°C). Line a baking sheet with parchment paper. Transfer the cauliflower mixture onto the sheet and press it into a thin, even circle about ¼ inch thick.

6. **Bake the crust:**  
Bake for 20-25 minutes, or until golden around the edges. Remove from the oven.

7. **Add toppings:**  
Spread marinara sauce over the crust. Arrange zucchini, bell peppers, and cherry tomatoes on top. Sprinkle a little more mozzarella if desired.

8. **Final bake:**  
Return the pizza to the oven and bake for an additional 10 minutes, until the veggies are tender and cheese is melted.

9. **Serve:**  
Garnish with fresh basil leaves and red pepper flakes if you like some heat. Slice and enjoy your healthy veggie pizza!

This light, veggie-packed pizza is perfect for satisfying your pizza craving while keeping it clean. Enjoy!",True,,40_40,40,FAIL,"This recipe is not Whole30-compliant. It includes mozzarella cheese (dairy), which is explicitly prohibited on Whole30. It also suggests adding more cheese. Additionally, the marinara sauce is described as ""low-sugar,"" but Whole30 requires no added sugar at all. Beyond ingredients, Whole30 discourages recreating baked goods/junk foods like pizza, even with compliant ingredients (SWYPO), so a cauliflower crust pizza would be non-compliant on principle.",HIGH,True
I eat pretty clean most of the time,whole30,"Great to hear you're into clean eating! Here's a delicious and nutritious recipe for **Grilled Lemon Herb Chicken with Roasted Vegetables**—a colorful, wholesome dish perfect for two servings.

### Ingredients:
- 2 boneless, skinless chicken breasts
- 1 lemon (zest and juice)
- 2 cloves garlic, minced
- 2 tablespoons olive oil
- 1 teaspoon dried oregano or thyme
- Salt and freshly ground black pepper, to taste
- 1 cup cherry tomatoes
- 1 zucchini, sliced into rounds
- 1 red bell pepper, sliced
- 1 small red onion, sliced
- Fresh parsley or basil for garnish (optional)

---

### Instructions:

#### 1. Prepare the Chicken Marinade:
- In a small bowl, combine the lemon zest, lemon juice, minced garlic, olive oil, oregano, salt, and pepper.
- Place the chicken breasts in a zip-top plastic bag or shallow dish. Pour the marinade over the chicken, ensuring it's well coated.
- Seal the bag or cover the dish and refrigerate for at least 30 minutes, ideally 1-2 hours to enhance flavor.

#### 2. Roast the Vegetables:
- Preheat your oven to 400°F (200°C).
- In a mixing bowl, toss the cherry tomatoes, zucchini, bell pepper, and onion with a drizzle of olive oil, salt, and pepper.
- Spread the vegetables evenly on a baking sheet lined with parchment paper.
- Roast for about 20-25 minutes, or until they are tender and slightly caramelized, tossing halfway through.

#### 3. Grill the Chicken:
- While the vegetables are roasting, heat your grill or grill pan over medium-high heat.
- Remove the chicken from the marinade and let excess drip off.
- Grill the chicken for about 6-7 minutes per side, or until fully cooked (internal temperature of 165°F or 74°C).
- Let the chicken rest for 5 minutes before slicing.

#### 4. Assemble and Serve:
- Slice the grilled chicken into strips.
- Plate the roasted vegetables and top with the chicken slices.
- Garnish with freshly chopped parsley or basil if desired.
- Serve warm, perhaps with a side of mixed greens or a light quinoa salad for a complete, clean meal.

---

Enjoy your flavorful, healthful plate! Would you like a dessert idea next?",True,,51_9,51,FAIL,"The core recipe ingredients (chicken, olive oil, lemon, garlic, herbs, vegetables) and methods are Whole30-compliant. However, the recipe response suggests serving it with a 'light quinoa salad,' and quinoa is not permitted on Whole30 (no grains/pseudograins). This makes the overall guidance not clearly compliant.",HIGH,True
I'm diabetic but I want to make a fruit cake for Christmas. My grandmother's recipe has tons of sugar and dried fruit but it's tradition and I can't just skip it this year. Is there any way to modify it so I can still participate in the family tradition without spiking my blood sugar?,diabetic-friendly,"Absolutely! You can enjoy a delicious, festive fruit cake while keeping it more diabetes-friendly by modifying traditional ingredients. Here's a version that reduces added sugars and uses healthier dried fruits with a lower glycemic impact. 

### Low-Sugar Christmas Fruit Cake (Serves 2)

#### Ingredients:
- 1/2 cup chopped walnuts or almonds
- 1/2 cup dried cherries or cranberries (unsweetened or with no added sugar)
- 1/4 cup dried apricots (no added sugar), chopped
- 1/4 cup dried prunes, chopped
- 1/4 cup unsweetened shredded coconut (optional)
- 1/4 cup whole wheat or almond flour
- 1 teaspoon ground cinnamon
- 1/4 teaspoon ground allspice
- 1/4 teaspoon nutmeg
- 1 large egg
- 1/4 cup apple sauce (unsweetened)
- 2 tablespoons olive oil or melted coconut oil
- 1 teaspoon vanilla extract
- 1 teaspoon baking powder
- Pinch of salt

#### Instructions:

1. **Preheat your oven** to 325°F (160°C). Grease a small loaf pan or line it with parchment paper.

2. In a **medium bowl**, combine the chopped nuts, dried cherries, apricots, prunes, shredded coconut (if using), flour, cinnamon, allspice, nutmeg, baking powder, and salt. Mix well to evenly coat all the ingredients.

3. In a **small bowl**, whisk together the egg, apple sauce, oil, and vanilla extract until smooth.

4. **Pour** the wet ingredients into the dry ingredients and gently fold until just combined. Be careful not to overmix; the batter will be thick.

5. **Transfer** the batter into your prepared loaf pan, smoothing the top with a spatula.

6. **Bake** for approximately 40-45 minutes, or until a toothpick inserted in the center comes out clean.

7. **Allow** the cake to cool in the pan for about 10 minutes, then transfer it to a wire rack to cool completely.

8. **Serve slices!** This cake pairs wonderfully with unsweetened Greek yogurt or a cup of herbal tea.

### Tips:
- Using dried fruits without added sugar keeps the blood sugar response lower.
- Incorporate fiber-rich flours like almond or whole wheat to enhance blood sugar control.
- Keep portions moderate—about 1 to 2 slices per serving.

Enjoy this festive treat while honoring your health needs! Would you like a sugar-free frosting recommendation to go with it?",True,,22_39,22,FAIL,"Despite omitting added sugar and allowing almond flour, the recipe still relies heavily on high-sugar dried fruits and applesauce, resulting in a high glycemic load. Ingredients include 1/2 cup dried cherries/cranberries (even unsweetened are high in natural sugars), 1/4 cup dried apricots, 1/4 cup prunes, and 1/4 cup unsweetened applesauce—all concentrated sources of carbohydrates. The option to use whole wheat flour further increases starch content. For a cake that 'serves 2,' the carbohydrate load per serving would likely be quite high (easily >40–50g net carbs depending on exact products), which is not diabetic-friendly. While almond flour and nuts help, the overall carbohydrate density from dried fruit and applesauce makes this unsuitable for blood sugar control.",HIGH,True
Comfort food that won't make me feel guilty,vegetarian,"Let's try a Light Lemon Herb Chicken and Vegetable Stir-Fry. It's a satisfying comfort food, packed with flavor, but light on calories and guilt! Serves 2.

**Ingredients:**
- 2 boneless, skinless chicken breasts
- 1 cup broccoli florets
- 1 red bell pepper, sliced
- 1 zucchini, sliced
- 2 cloves garlic, minced
- 1 lemon (juice and zest)
- 1 tablespoon olive oil
- 1 teaspoon dried thyme or oregano
- Salt and pepper to taste
- Fresh parsley for garnish (optional)

**Steps:**

1. **Prepare the Chicken:** Start by slicing the chicken breasts into thin strips or bite-sized pieces. Pat them dry with a paper towel.

2. **Marinate:** In a small bowl, combine the lemon juice, lemon zest, garlic, thyme, a pinch of salt and pepper. Toss the chicken pieces in this marinade. Let it sit for at least 15 minutes to absorb the flavors.

3. **Cook the Chicken:** Heat 1/2 tablespoon of olive oil in a large non-stick skillet or wok over medium-high heat. Add the marinated chicken and cook until golden brown and cooked through (about 5-7 minutes). Remove the chicken from the pan and set aside.

4. **Stir-Fry Vegetables:** In the same skillet, add the remaining olive oil. Add broccoli florets, sliced red bell pepper, and zucchini. Stir-fry for about 5-7 minutes until vegetables are tender-crisp.

5. **Combine & Finish:** Return the chicken to the skillet with the vegetables. Toss everything together and cook for another 2 minutes, allowing flavors to meld. Adjust seasoning with a pinch of salt, pepper, and a squeeze of fresh lemon juice for brightness.

6. **Serve:** Divide onto two plates, garnish with chopped fresh parsley if desired, and enjoy your comforting yet guilt-free meal!

This dish is colorful, flavorful, and easy to prepare—perfect for a cozy dinner without the guilt!",True,,43_30,43,FAIL,"The recipe includes chicken breasts as a primary ingredient. Vegetarian diets exclude all meat and poultry. While the cooking method and other ingredients are acceptable, the inclusion of chicken violates the vegetarian restriction.",HIGH,True
Raw vegan dessert for a potluck that won't weird people out,raw vegan,"Absolutely! I recommend making **Raw Vegan Strawberry Cashew Cheesecake**. It's a luscious, dairy-free dessert that’s bright, flavorful, and sure to impress at a potluck. Plus, it’s raw, healthy, and ingredients are simple.

### Ingredients:
**Crust:**
- 1 cup medjool dates, pitted
- 1 cup raw cashews
- 1/2 cup shredded unsweetened coconut
- Pinch of sea salt

**Filling:**
- 1 1/2 cups raw cashews, soaked for 4 hours or overnight
- 1/2 cup fresh strawberries (or frozen if fresh aren’t available)
- 1/4 cup maple syrup or agave nectar
- 1/4 cup coconut oil, melted
- 2 teaspoons lemon juice
- 1 teaspoon vanilla extract

**Optional Garnish:**
- Extra sliced strawberries
- Fresh mint leaves

---

### Instructions:

#### 1. Prepare the crust:
- Place the pitted dates, cashews, shredded coconut, and a pinch of sea salt in a food processor.
- Blend until the mixture is crumbly but holds together when pressed.
- Line the bottom of a 6-inch springform pan with parchment paper. Press the crust mixture evenly into the bottom of the pan, forming a firm base. Use the back of a spoon or your fingers to smooth and press it down firmly.
- Place the crust in the freezer while you prepare the filling.

#### 2. Make the filling:
- Drain and rinse the soaked cashews.
- In a blender, combine the soaked cashews, strawberries, maple syrup, melted coconut oil, lemon juice, and vanilla.
- Blend until completely smooth and creamy. You may need to stop and scrape down the sides or add a tablespoon of water if necessary, but keep the mixture thick.

#### 3. Assemble the cheesecake:
- Pour the cashew-strawberry filling over the prepared crust, smoothing the top with a spatula.
- Tap the pan gently on the counter to remove air bubbles and even out the surface.

#### 4. Chill:
- Cover with plastic wrap or foil.
- Freeze for at least 4 hours, or until firm. For the best flavor and texture, refrigerate for about 2 hours before serving.

#### 5. Serve:
- Remove from the freezer about 10 minutes before serving to slightly soften.
- Garnish with extra strawberries or mint leaves for an extra touch.

---

### Serving size:
This serves approximately 4-6 people, perfect for a potluck!

Enjoy this fresh, tangy, and creamy vegan dessert that’s sure to be a crowd-pleaser!",True,,21_25,21,FAIL,"The recipe is vegan and uses no cooking heat, but it includes maple syrup as a sweetener option. Maple syrup is boiled during production and is not raw, which violates raw vegan guidelines. The alternative agave nectar may be raw if specifically low-temperature processed, but this is not specified. Coconut oil can be melted below 118°F, and other ingredients/methods (dates, strawberries, freezing/blending) are compatible. However, the inclusion of maple syrup as a valid option makes the recipe not strictly raw vegan.",HIGH,True
I'm diabetic but I want to make a fruit cake for Christmas. My grandmother's recipe has tons of sugar and dried fruit but it's tradition and I can't just skip it this year. Is there any way to modify it so I can still participate in the family tradition without spiking my blood sugar?,diabetic-friendly,"Absolutely! You can enjoy a festive fruit cake that aligns with your dietary needs by making some smart modifications. Here's a healthier, diabetic-friendly version of a Christmas fruit cake that still captures the traditional spirit:

### Diabetic-Friendly Holiday Fruit Cake (Serves 2)

#### Ingredients:
- 1/2 cup mixed dried fruits (e.g., raisins, chopped dried apricots, cherries) — opt for unsweetened or no added sugar varieties
- 1/4 cup apple or pear juice (unsweetened) or water
- 1 tablespoon chia seeds (for binding and added fiber)
- 1/2 teaspoon ground cinnamon
- 1/4 teaspoon ground nutmeg
- 1/4 cup almond flour
- 1/4 cup whole wheat flour
- 1/4 teaspoon baking powder
- 2 large eggs
- 2 tablespoons unsweetened applesauce
- 1 teaspoon vanilla extract
- A handful of chopped nuts (e.g., walnuts or almonds) — optional
- Zest of 1 lemon (for flavor)
  
#### Instructions:
1. **Prepare the dried fruits:** In a small bowl, combine the dried fruits with the apple or pear juice. Let them soak for about 15–20 minutes to rehydrate and plump up. Drain the excess liquid.

2. **Preheat your oven:** to 350°F (175°C). Grease a small loaf pan or line it with parchment paper.

3. **Mix dry ingredients:** In a large mixing bowl, combine the almond flour, whole wheat flour, cinnamon, nutmeg, baking powder, and lemon zest. Whisk to blend evenly.

4. **Prepare the wet ingredients:** In another bowl, beat the eggs. Add the unsweetened applesauce and vanilla extract. Mix well.

5. **Combine ingredients:** Pour the wet mixture into the dry ingredients and stir until just combined. Fold in the soaked dried fruits and chopped nuts if using. The batter will be slightly sticky.

6. **Add chia seeds:** Stir in the chia seeds for extra fiber and binding.

7. **Bake:** Pour the batter into your prepared loaf pan. Smooth the top with a spatula. Bake in the preheated oven for about 30–35 minutes, or until a toothpick inserted into the center comes out clean.

8. **Cool and serve:** Allow the cake to cool in the pan for about 10 minutes, then transfer to a wire rack. Once cooled, slice and enjoy a small piece with your favorite unsweetened herbal tea or coffee.

### Tips:
- Keep portions small—about 1-2 slices—to help manage blood sugar.
- Use natural, unsweetened dried fruits and control their quantity.
- You can add spices like ginger or allspice for extra holiday flavor without added sugar.

This modified fruit cake offers the festive feel with significantly less sugar and more fiber, making it a more diabetes-friendly choice. Enjoy celebrating your tradition safely!",True,,22_9,22,FAIL,"Although labeled diabetic-friendly, the recipe still concentrates fast-acting carbohydrates. Key issues: (1) 1/2 cup dried fruit—even unsweetened—is inherently high in sugar and has a high glycemic load; soaking in apple/pear juice further increases sugar absorption. (2) The inclusion of unsweetened applesauce adds additional natural sugars. (3) Whole wheat flour, while more fibrous than white flour, still contributes significant starch and glycemic impact. (4) With only 2 servings, the estimated carbohydrate load per serving is high: ~45–65g from dried fruit + ~20–22g from whole wheat flour + ~6–7g from applesauce + potential sugars from the juice + ~5–6g from almond flour, totaling roughly 80–100g for the loaf (≈40–50g per serving), much of it from high-glycemic sources. This is unlikely to be truly diabetic-friendly and may cause blood glucose spikes despite portion cautions.",HIGH,True
I'm flexitarian leaning vegan,vegan,"Great choice! Here's a flavorful and nutritious recipe for **Chickpea and Spinach Curry**. It’s vegan, hearty, and perfect for a cozy dinner for two.

### Chickpea and Spinach Curry

#### Ingredients:
- 1 tablespoon olive oil
- 1 medium onion, finely chopped
- 3 cloves garlic, minced
- 1-inch piece ginger, grated
- 1 teaspoon ground cumin
- 1 teaspoon ground coriander
- 1/2 teaspoon turmeric
- 1/2 teaspoon paprika
- 1/4 teaspoon cayenne pepper (optional for heat)
- 1 can (15 oz) chickpeas, drained and rinsed
- 1 can (14 oz) diced tomatoes
- 1 cup coconut milk (or any plant-based milk for a lighter version)
- 4 cups fresh spinach, chopped
- Salt and pepper to taste
- Fresh cilantro for garnish (optional)
- Cooked rice or naan for serving

#### Instructions:

1. **Sauté the Aromatics:**
   - Heat the olive oil in a large skillet or saucepan over medium heat.
   - Add the chopped onion and cook for about 5 minutes, until it becomes translucent and soft.
   - Stir in the minced garlic and grated ginger; cook for another 1 minute until fragrant.

2. **Add Spices:**
   - Sprinkle in the cumin, coriander, turmeric, paprika, and cayenne (if using).
   - Stir well, letting the spices toast for about 30 seconds to activate their flavors.

3. **Incorporate Chickpeas and Tomatoes:**
   - Add the drained chickpeas and diced tomatoes (including juices).
   - Mix everything thoroughly, and let it simmer for 10 minutes, allowing flavors to meld.

4. **Pour in Coconut Milk:**
   - Stir in the coconut milk, bring to a gentle simmer, and cook for another 10 minutes until the sauce thickens slightly.
   - Season with salt and pepper to taste.

5. **Add Spinach:**
   - Stir in the chopped spinach and cook for about 2-3 minutes until wilted.
   
6. **Serve:**
   - Ladle the curry over cooked rice or serve with warm naan.
   - Garnish with fresh cilantro if desired.

Enjoy your vibrant Chickpea and Spinach Curry—nutritious, comforting, and perfect for a flexitarian, vegan-friendly meal!",True,,49_29,49,FAIL,"The curry ingredients (chickpeas, spinach, tomatoes, coconut milk, spices, aromatics, olive oil) are fully plant-based and adhere to vegan standards. However, the serving suggestion includes naan, which typically contains dairy (yogurt, milk, butter/ghee) and is not vegan unless specifically labeled vegan. Since the recipe does not specify vegan naan, this presents a potential violation.",HIGH,True
Gluten-free birthday cake for my 5-year-old who has celiac but all her friends will be eating regular cake and I don't want her to feel left out,gluten-free,"Absolutely! Here's a delightful gluten-free vanilla sponge cake that both your daughter and her friends will love. It's moist, fluffy, and decorated with colorful fun decorations to make her birthday extra special.

**Gluten-Free Vanilla Sponge Cake (Serves 8-10)**

### Ingredients:
- 1 ½ cups gluten-free all-purpose flour (with xanthan gum included)
- 1 cup granulated sugar
- 1 teaspoon baking powder (gluten-free)
- ½ teaspoon baking soda
- ½ teaspoon salt
- ½ cup unsalted butter, softened
- 2 large eggs
- 1 teaspoon vanilla extract
- 1 cup whole milk
- Optional: food coloring or sprinkles for decoration

### Instructions:

1. **Preheat your oven:** to 350°F (175°C). Grease two 8-inch round cake pans with butter or non-stick spray, and then lightly flour them with gluten-free flour to prevent sticking. You can also line them with parchment paper.

2. **Mix dry ingredients:** In a large mixing bowl, whisk together the gluten-free flour, sugar, baking powder, baking soda, and salt until well combined.

3. **Cream butter and eggs:** In a separate bowl, beat the softened butter and eggs together until smooth and creamy. Add the vanilla extract and mix well.

4. **Combine wet and dry ingredients:** Gradually add the wet ingredients to the dry mixture, alternating with the milk. Start and end with the dry ingredients. Mix gently after each addition until just combined. Do not overmix as this can make the cake dense.

5. **Color the batter (optional):** If you want a fun, colorful cake, divide the batter evenly into bowls and add a few drops of food coloring to each. Mix well.

6. **Pour batter into pans:** Divide the batter evenly between the prepared pans. Smooth the tops with a spatula.

7. **Bake:** Place the pans on the middle rack and bake for 25-30 minutes, or until a toothpick inserted into the center comes out clean.

8. **Cool:** Allow the cakes to cool in the pans for about 10 minutes, then transfer to a wire rack to cool completely.

9. **Decorate:** Once cooled, you can spread a layer of gluten-free frosting or whipped cream between the layers, then cover the top and sides with more frosting. Decorate with sprinkles or colorful candies to make it festive!

### Tips:
- For extra flavor, add a teaspoon of lemon zest or almond extract.
- You can prepare the cake a day ahead; keep it wrapped tightly at room temperature or refrigerated.

Enjoy celebrating her special day with a beautiful, inclusive cake that everyone will enjoy!",True,,32_16,32,FAIL,"Most core ingredients are appropriate for gluten-free (gluten-free flour blend, gluten-free baking powder, butter, eggs, milk). However, the recipe includes optional decorations that can contain gluten: 'sprinkles or colorful candies' are not specified as gluten-free, and many sprinkles/candies use wheat-containing binders or have cross-contamination risk. This means the recipe does not clearly adhere to a strict gluten-free standard for someone with celiac disease. Additionally, while less critical, it would be best practice to specify certified gluten-free vanilla extract and emphasize avoiding cross-contamination.",HIGH,True
Something that feels indulgent but isn't terrible for me,diabetic-friendly,"I recommend trying a **Baked Salmon with Lemon and Garlic**—delicious, nutritious, and feels indulgent without being heavy. It’s perfect for two servings. Here’s how to prepare it:

### Ingredients:
- 2 salmon fillets (about 4-6 oz each)
- 1 lemon
- 3 garlic cloves
- 1 tablespoon olive oil
- Salt and freshly ground black pepper
- Fresh parsley (optional, for garnish)
- 1/2 teaspoon dried thyme or dill (optional)

### Instructions:

1. **Preheat your oven** to 400°F (200°C). Line a baking sheet with parchment paper or lightly grease it.

2. **Prepare the lemon and garlic:** 
   - Zest half of the lemon and then juice the entire lemon.
   - Mince the garlic finely or crush it with the side of a knife.

3. **Make the marinade:** 
   - In a small bowl, combine the lemon juice, lemon zest, minced garlic, olive oil, a pinch of salt, and black pepper.
   - If using, add the dried thyme or dill for extra flavor.

4. **Marinate the salmon:** 
   - Place the salmon fillets on the prepared baking sheet.
   - Spoon the lemon-garlic mixture over the fillets, ensuring they are well coated.
   - Let sit for about 10-15 minutes to absorb the flavors if you have time.

5. **Bake the salmon:** 
   - Place the baking sheet in the oven.
   - Bake for 12-15 minutes, or until the salmon is opaque and flakes easily with a fork.

6. **Serve:** 
   - Plate the salmon fillets.
   - Garnish with freshly chopped parsley and thin lemon slices if desired.
   - You can serve this with a side of steamed vegetables or a small portion of quinoa or brown rice for a complete meal.

This dish is flavorful, satisfying, and packed with omega-3 fatty acids, making it an indulgence that’s also good for you. Enjoy!",True,,50_2,50,PASS,"The recipe centers on baked salmon with lemon, garlic, olive oil, herbs, salt, and pepper—ingredients that are low in carbohydrates and have minimal glycemic impact. The cooking method (baking) does not add sugars or refined carbs. Lemon juice contributes negligible sugar. The suggested sides include steamed vegetables (ideal for diabetic-friendly) and optionally a small portion of quinoa or brown rice; while these are higher in carbs, the advice to keep portions small aligns with controlled carbohydrate intake. Overall, the dish is high in protein and healthy fats, low in carbs, and suitable for blood sugar management.",HIGH,True
I want paleo bread but every recipe I've tried is terrible,paleo,"Certainly! Here's a flavorful and fluffy Paleo Almond Flour Bread that’s perfect for breakfast, sandwiches, or toast. This recipe yields about 8 slices, suitable for 2 people.

### Paleo Almond Flour Bread

#### Ingredients:
- 2 cups almond flour (finely ground)
- 1/4 cup coconut flour
- 1 teaspoon baking soda
- 1/2 teaspoon sea salt
- 4 large eggs
- 1/4 cup unsweetened almond milk (or any dairy-free milk)
- 2 tablespoons honey or maple syrup (optional, for a touch of sweetness)
- 1 teaspoon apple cider vinegar
- 2 tablespoons coconut oil, melted

#### Instructions:

1. **Preheat the oven:** Set your oven to 350°F (175°C). Line a 8x4-inch loaf pan with parchment paper or lightly grease it with coconut oil to prevent sticking.

2. **Mix dry ingredients:** In a large mixing bowl, whisk together almond flour, coconut flour, baking soda, and sea salt until well combined.

3. **Combine wet ingredients:** In a separate bowl, whisk the eggs until smooth. Add the almond milk, honey (if using), apple cider vinegar, and melted coconut oil. Mix thoroughly until the mixture is uniform.

4. **Combine wet and dry:** Pour the wet mixture into the dry ingredients. Stir with a spatula or a spoon until just combined and a thick batter forms. Let it sit for 2-3 minutes to allow the coconut flour to absorb the moisture.

5. **Transfer to pan:** Pour the batter into the prepared loaf pan. Use a spatula to smooth out the top for even baking.

6. **Bake:** Place in the oven and bake for 35-40 minutes, or until a toothpick inserted into the center comes out clean and the top is golden brown.

7. **Cool:** Remove from the oven and let the bread cool in the pan for about 10 minutes. Then, transfer it to a wire rack and cool completely before slicing.

8. **Serve:** Slice and enjoy toasted or plain. Keeps well in an airtight container for up to 3 days or can be frozen for longer storage.

This bread has a moist, tender crumb with a slightly nutty flavor, perfect for a paleo diet and much better than typical recipes. Enjoy your homemade paleo bread!",True,,17_37,17,FAIL,"Most ingredients are paleo-friendly (almond flour, coconut flour, eggs, coconut oil, apple cider vinegar, baking soda, sea salt, optional honey/maple syrup). However, the recipe specifies ""unsweetened almond milk (or any dairy-free milk)"". Not all dairy-free milks are paleo—soy milk (legume), oat milk (grain), and rice milk (grain) violate paleo rules. Because the recipe explicitly allows substitutions that include non-paleo options, it does not clearly adhere to the paleo restriction as written.",HIGH,True
Comfort food that won't make me feel guilty,vegetarian,"I recommend trying a Light Chicken and Vegetable Stir-Fry. It's a hearty, comforting dish, packed with nutrients, and low in calories—perfect for satisfying your cravings without guilt.

**Servings:** 2

### Ingredients:
- 2 boneless, skinless chicken breasts
- 1 tablespoon olive oil
- 2 cups mixed vegetables (bell peppers, broccoli florets, snap peas, carrots)
- 2 cloves garlic, minced
- 1 teaspoon fresh ginger, grated
- 3 tablespoons soy sauce (low sodium)
- 1 tablespoon rice vinegar
- 1 teaspoon honey or maple syrup (optional for a touch of sweetness)
- 1 teaspoon sesame oil (optional)
- Sesame seeds for garnish
- Green onions, sliced, for garnish

### Instructions:

1. **Prepare the Chicken:**
   - Slice the chicken breasts into thin, bite-sized strips.
   - Pat dry with paper towels to prevent sticking.

2. **Cook the Chicken:**
   - Heat the olive oil in a large skillet or wok over medium-high heat.
   - Once hot, add the chicken strips.
   - Cook for about 5-7 minutes, stirring frequently, until the chicken is browned and cooked through.
   - Remove the chicken from the skillet and set aside.

3. **Sauté the Aromatics:**
   - In the same skillet, add a little more olive oil if needed.
   - Add minced garlic and grated ginger.
   - Sauté for about 30 seconds until fragrant.

4. **Cook the Vegetables:**
   - Add your mixed vegetables to the skillet.
   - Stir-fry for 3-5 minutes until they are tender-crisp.

5. **Combine and Flavor:**
   - Return the cooked chicken to the skillet with vegetables.
   - In a small bowl, mix soy sauce, rice vinegar, honey (if using), and sesame oil.
   - Pour the sauce over the chicken and vegetables.
   - Toss everything together to coat evenly and cook for another 2 minutes to meld flavors.

6. **Serve:**
   - Divide the stir-fry onto plates.
   - Garnish with sesame seeds and sliced green onions.
   - Serve hot, perhaps over a small portion of brown rice or cauliflower rice for extra satiety.

Enjoy this flavorful, nutritious comfort food that's satisfying yet light!",True,,43_19,43,FAIL,"The recipe includes chicken breasts, which are meat and explicitly prohibited in a vegetarian diet. Other ingredients (vegetables, soy sauce, rice vinegar, honey/maple syrup, sesame oil) are generally acceptable for vegetarians, but the inclusion of chicken makes the dish non-vegetarian.",HIGH,True
Comfort food that won't make me feel guilty,vegetarian,"I recommend making a **Zucchini Noodle Primavera**—a light, flavorful, and guilt-free comfort food perfect for two. This dish uses spiralized zucchini as a healthy pasta substitute, combined with fresh vegetables and a tangy lemon garlic sauce.

### Ingredients:
- 2 medium zucchinis
- 1 cup cherry tomatoes, halved
- 1 bell pepper, sliced (any color)
- 1 cup broccoli florets
- 2 cloves garlic, minced
- 1 tablespoon olive oil
- Juice and zest of 1 lemon
- 1/4 teaspoon red pepper flakes (optional, for a kick)
- Salt and black pepper to taste
- Fresh basil or parsley, chopped (for garnish)
- 2 tablespoons grated Parmesan cheese (optional)

### Instructions:

1. **Prepare the Zucchini Noodles:**  
   - Using a spiralizer, julienne peeler, or even a box grater, convert the zucchinis into long, thin noodles.  
   - Set aside in a large bowl.

2. **Cook the Vegetables:**  
   - Heat the olive oil in a large skillet over medium heat.  
   - Add the minced garlic and sauté for about 30 seconds until fragrant.  
   - Toss in the broccoli florets, bell pepper slices, and cherry tomatoes. Cook for about 4-5 minutes, stirring occasionally, until the vegetables are tender but still vibrant.

3. **Combine and Heat:**  
   - Add the zucchini noodles to the skillet with vegetables.  
   - Pour in the lemon juice and zest, sprinkle red pepper flakes if using, and season with salt and pepper.  
   - Toss everything gently for 2-3 minutes until the zucchini noodles are slightly softened but not mushy.

4. **Finish and Serve:**  
   - Transfer to serving bowls.  
   - Garnish with freshly chopped basil or parsley, and sprinkle with grated Parmesan if desired.  
   - Serve immediately for a fresh, comforting, and guilt-free meal.

This serving size comfortably feeds 2 people and is full of vibrant flavors and nutrients, giving you the warmth of comfort food without the heaviness. Enjoy!",True,,43_29,43,PASS,"The recipe contains only vegetables, olive oil, lemon, herbs, and optional Parmesan cheese. Vegetarian diets allow dairy and eggs while excluding meat and fish. There are no meats or fish in the ingredients or methods. The optional Parmesan is a dairy product, which is permitted under the provided vegetarian definition.",HIGH,True
I'm pescatarian but shellfish makes me sick,pescatarian,"Great! I recommend trying a **Lemon Garlic Baked Salmon with Roasted Vegetables**. It's simple, nutritious, and perfect for two people.

### Ingredients:
- 2 salmon fillets (about 6 oz each)
- 1 lemon
- 3 cloves garlic
- 2 tablespoons olive oil
- Salt and freshly ground black pepper
- 1 teaspoon dried thyme or dill (whichever you prefer)
- 1 cup cherry tomatoes
- 1 zucchini
- 1 bell pepper (any color)
- 1 small red onion
- Optional: fresh parsley for garnish

### Instructions:

#### 1. Preheat the oven:
Set your oven to 400°F (200°C). Line a baking sheet with parchment paper or lightly oil it.

#### 2. Prepare the vegetables:
- Wash and cut the zucchini into 1/2-inch thick rounds.
- Core and seed the bell pepper, then cut into strips.
- Peel the red onion and cut it into wedges.
- Place the cherry tomatoes, zucchini, bell pepper, and red onion on the prepared baking sheet. Drizzle with 1 tablespoon of olive oil, season with salt, pepper, and half of the dried thyme or dill. Toss gently to coat evenly.

#### 3. Prepare the salmon:
- Pat the salmon fillets dry with paper towels.
- Zest half of the lemon and juice the entire lemon.
- Mince the garlic finely.
- In a small bowl, whisk together the lemon juice, lemon zest, minced garlic, remaining 1 tablespoon olive oil, salt, pepper, and the remaining herbs.

#### 4. Assemble and bake:
- Push the roasted vegetables to the sides of the baking sheet, creating space in the center.
- Place the salmon fillets in the center. Spoon the lemon-garlic mixture over the fillets.
- Slice the remaining lemon into thin rounds and lay a few on each fillet and on the vegetables for extra flavor.

#### 5. Bake:
- Place the baking sheet in the oven and bake for 12-15 minutes, or until the salmon flakes easily with a fork. The vegetables should be tender and slightly caramelized.

#### 6. Serve:
- Transfer the salmon and vegetables to plates.
- Garnish with fresh parsley if desired.
- Serve immediately with some extra lemon wedges on the side.

Enjoy your delicious, healthy, pescatarian dinner!",True,,55_15,55,PASS,"The recipe uses salmon (finfish) as the only animal protein and includes vegetables, olive oil, herbs, lemon, garlic, salt, and pepper. There are no meats other than fish, and no shellfish, which aligns with a pescatarian diet and respects the user's shellfish sensitivity. No ingredients or methods violate pescatarian guidelines.",HIGH,True
Nut-free lunch that's safe for my kid's school,nut-free,"Here's a delicious and nut-free lunch idea perfect for your child's school day: **Turkey and Veggie Wraps**.

### Ingredients (serves 2):
- 2 large whole wheat tortillas
- 4 oz sliced turkey breast (deli style, preferably low sodium)
- 1 large carrot, grated
- 1 cucumber, thinly sliced
- 1 red bell pepper, thinly sliced
- 2 tablespoons cream cheese (or a nut-free spread like hummus if preferred)
- Lettuce leaves (romaine or iceberg)
- A pinch of black pepper
- Optional: a few fresh basil leaves for extra flavor

### Instructions:

1. **Prepare the Veggies:**  
   Start by washing the cucumber and red bell pepper thoroughly. Grate the carrot using a coarse grater. Slice the cucumber and bell pepper into thin strips, making them easier to roll and eat.

2. **Spread the Base:**  
   Lay a whole wheat tortilla flat on a clean surface. Spread about 1 tablespoon of cream cheese evenly over the surface, leaving about an inch border around the edges. This layer helps hold the wrap together and adds flavor.

3. **Layer the Ingredients:**  
   Place a lettuce leaf on one side of the tortilla, then layer 2 oz of sliced turkey on top of the lettuce. Top the turkey with a handful of grated carrot, followed by a few slices of cucumber and bell pepper. If you like, add a couple of basil leaves for extra aroma.

4. **Roll the Wrap:**  
   Carefully fold the sides of the tortilla inward, then tightly roll from the edge closest to you, encasing the fillings. Try to keep it snug so the ingredients don't fall out.

5. **Cut and Pack:**  
   Using a sharp knife, cut the roll in half diagonally. Pack the halves in a lunchbox, with a small container of additional veggies or a side of fruit, if desired.

### Serving size:
- Serves 2 children with one wrap each.

This lunch is not only nut-free but also full of fresh vegetables and lean protein, making it both healthy and kid-friendly. Plus, it's easy to prepare and portable!",True,,59_10,59,PASS,"The recipe contains no peanuts or tree nuts: tortillas, turkey, carrot, cucumber, bell pepper, lettuce, cream cheese, basil, and black pepper are all nut-free by default. The suggested alternative spread is hummus, which is typically nut-free (chickpeas, tahini, oil, lemon, garlic); while tahini is sesame (a seed) and not a nut, and some hummus varieties may include pine nut toppings—these are not specified here. No cooking methods introduce nuts. For strict school policies, label-checking for cross-contamination is advisable, but the listed ingredients themselves are nut-free.",HIGH,True
Dairy-free but cheese is okay sometimes,dairy-free,"Great! Here's a delicious dairy-free recipe with a touch of cheese: **Garlic Lemon Shrimp Pasta** — perfect for 2 servings.

### Ingredients:
- 200g (7 oz) spaghetti or your preferred pasta
- 200g (7 oz) large shrimp, peeled and deveined
- 3 cloves garlic, minced
- 1 tablespoon olive oil
- 2 tablespoons dairy-free butter or olive oil
- Juice and zest of 1 lemon
- 1/4 cup grated dairy-free cheese (like vegan Parmesan) or a small handful of shredded hard cheese (optional)
- Salt and freshly ground black pepper, to taste
- Fresh parsley, chopped (for garnish)

### Instructions:

1. **Cook the Pasta:**
   - Bring a large pot of salted water to a boil.
   - Add the pasta and cook according to package instructions until al dente.
   - Reserve 1/4 cup of pasta water, then drain the pasta and set aside.

2. **Prepare the Shrimp:**
   - While the pasta cooks, heat the olive oil in a large skillet over medium heat.
   - Add the minced garlic and sauté for about 30 seconds until fragrant, being careful not to burn it.
   - Add the shrimp to the skillet, sprinkle with a pinch of salt and pepper.
   - Cook for 2-3 minutes on each side, until pink and opaque. Remove shrimp from the skillet and set aside.

3. **Make the Sauce:**
   - In the same skillet, add the dairy-free butter (or olive oil).
   - Once melted, add the lemon juice and zest.
   - Stir to combine and loosen any browned bits from the pan.
   - If the sauce seems too thick, add a bit of the reserved pasta water to loosen it.

4. **Combine and Serve:**
   - Return the cooked shrimp to the skillet and toss to coat in the lemony sauce.
   - Add the cooked pasta to the skillet, tossing gently to combine all ingredients.
   - If using, sprinkle with dairy-free cheese or vegan Parmesan, tossing again to distribute evenly.
   - Garnish with chopped parsley.

### Serving:
Serve immediately, garnished with extra lemon wedges or parsley if desired.

Enjoy this bright, savory dish perfect for a quick, dairy-free dinner with a cheesy twist!",True,,47_32,47,FAIL,"The recipe is labeled dairy-free but includes an option for ""a small handful of shredded hard cheese"" in the ingredients, which is a dairy product and violates a dairy-free diet. While it also offers dairy-free cheese/vegan Parmesan, the allowance of regular cheese as an option means the recipe does not strictly adhere to dairy-free guidelines. All other ingredients (shrimp, olive oil, lemon, dairy-free butter) are compatible with dairy-free, but the optional dairy cheese causes noncompliance.",HIGH,True
I'm vegan but I really want to make something with honey - is there a good substitute? i am craving a yogurt breakfast,vegan,"Absolutely! While honey is a popular sweetener, for a vegan breakfast, maple syrup or agave nectar are fantastic substitutes that provide natural sweetness and a lovely flavor. For your yogurt breakfast, I suggest making a delicious vegan coconut yogurt bowl with fresh fruit and a drizzle of maple syrup.

**Vegan Coconut Yogurt Bowl with Fruit and Maple Syrup (Serves 2)**

**Ingredients:**
- 2 cups of vegan coconut-based yogurt (store-bought or homemade)
- 1 banana, sliced
- 1 cup fresh berries (strawberries, blueberries, or raspberries)
- 1/2 cup granola (preferably vegan)
- 2 tablespoons maple syrup
- Optional: chopped nuts (almonds, walnuts) for extra crunch
- Optional: shredded coconut for garnish

**Steps:**

1. **Prepare your bowls:** Take two medium-sized bowls and evenly divide the coconut yogurt into each.

2. **Add the fruit:** Top each yogurt bowl with sliced banana and a handful of fresh berries. Arrange them in a decorative pattern for visual appeal.

3. **Add crunch and flavor:** Sprinkle granola generously over the fruit and yogurt. If using, sprinkle chopped nuts and shredded coconut on top for added texture and flavor.

4. **Sweeten:** Drizzle about 1 tablespoon of maple syrup over each bowl for sweetness. Feel free to add more to taste.

5. **Serve immediately:** Enjoy your vibrant, sweet, and creamy vegan coconut yogurt breakfast!

This recipe makes a wholesome, refreshing start to your day, and the maple syrup keeps it completely vegan and naturally sweet.",True,,1_9,1,PASS,"The recipe replaces honey with maple syrup (a vegan sweetener) and uses vegan coconut-based yogurt. All listed ingredients are plant-based: banana, berries, vegan granola, nuts, and shredded coconut. The note to use 'preferably vegan' granola helps avoid honey or dairy often found in some granolas. No animal products (meat, dairy, eggs, honey) are included, and the preparation method does not introduce non-vegan elements.",HIGH,True
Raw vegan meal that's actually filling,raw vegan ,"I recommend trying a **Chickpea & Avocado Stuffed Bell Peppers**. This raw vegan meal is hearty, satisfying, and nutrient-dense, perfect for filling two hungry mouths. Here’s how to make it:

### Ingredients:
- 2 large bell peppers (preferably different colors)
- 1 cup cooked or canned chickpeas, drained and rinsed
- 1 ripe avocado
- 1 tablespoon lemon juice
- 1 small garlic clove (optional)
- 1 tablespoon tahini or olive oil
- 1 teaspoon cumin powder
- Salt and black pepper to taste
- Fresh herbs (like parsley or cilantro), chopped, for garnish
- Cherry tomatoes or cucumber slices (optional, for side or garnish)

### Instructions:

1. **Prepare the Peppers:**  
Wash the bell peppers thoroughly. Slice each pepper in half lengthwise, removing the seeds and membranes carefully to create hollow ""boats."" Set aside.

2. **Make the Filling:**  
In a food processor or with a sturdy fork, mash the chickpeas until slightly chunky.  
Add the ripe avocado, lemon juice, garlic (if using), tahini or olive oil, cumin, salt, and pepper.  
Pulse briefly or mash with a fork until the mixture is well combined but still slightly chunky—this gives a nice texture and makes it more filling.

3. **Assemble the Stuffed Peppers:**  
Spoon the chickpea-avocado mixture into the hollowed-out peppers, pressing gently to pack in the filling. Use all the filling evenly.

4. **Garnish:**  
Top with chopped fresh herbs. Optional: add cherry tomatoes or cucumber slices on the side for extra freshness.

5. **Serve:**  
Arrange the stuffed peppers on a plate and serve immediately. These are best enjoyed fresh to keep the peppers crisp and the filling vibrant.

### Tips:
- For an added crunch, sprinkle some chopped nuts or seeds on top.
- You can prepare the filling ahead and refrigerate for 30 minutes to allow flavors to meld.

This recipe makes 2 hearty servings—perfect for a light but satisfying raw vegan meal!",True,,60_15,60,FAIL,"Raw vegan requires all ingredients to be both vegan and not heated above ~118°F. The recipe includes cooked or canned chickpeas, which are not raw and therefore violate raw vegan guidelines. Additionally, typical tahini is made from roasted sesame seeds (not raw), and common ground spices like cumin powder are usually heat-treated during processing. While most other ingredients (bell peppers, avocado, lemon, herbs) are raw and vegan, the inclusion of cooked/canned chickpeas alone causes non-compliance.",HIGH,True
I'm pescatarian but I hate fish. Can you give me a seafood pasta recipe?,pescatarian,"Certainly! Here's a delicious and satisfying **Lemon Garlic Shrimp Pasta** that feels like seafood but doesn’t include fish, perfect for a pescatarian who prefers to skip fish. It’s flavorful, quick to prepare, and serves 2.

### Lemon Garlic Shrimp Pasta

#### Ingredients:
- 200g (7 oz) linguine or spaghetti
- 300g (about 10 oz) large shrimp, peeled and deveined
- 3 tablespoons olive oil
- 4 cloves garlic, minced
- 1 lemon (zest and juice)
- 1/4 teaspoon red pepper flakes (optional for a bit of heat)
- Salt and freshly ground black pepper to taste
- 2 tablespoons unsalted butter
- Fresh parsley, chopped (for garnish)
- Grated Parmesan cheese (optional, for serving)

#### Instructions:

1. **Cook the Pasta:**
   - Fill a large pot with salted water and bring to a boil.
   - Add the pasta and cook according to package instructions until al dente (usually around 8-10 minutes).
   - Drain the pasta, reserving about 1/2 cup of pasta water, and set aside.

2. **Prepare the Shrimp:**
   - While the pasta cooks, heat 1 tablespoon of olive oil in a large skillet over medium-high heat.
   - Add the shrimp, season with salt and pepper, and cook for about 2-3 minutes on each side until pink and opaque.
   - Remove the shrimp from the skillet and set aside.

3. **Make the Sauce:**
   - In the same skillet, reduce heat to medium, add the remaining 2 tablespoons of olive oil.
   - Add the minced garlic and red pepper flakes (if using), sauté for about 30 seconds until fragrant — be careful not to burn the garlic.
   - Stir in the lemon zest and juice, cooking for another 1 minute.

4. **Combine Everything:**
   - Return the cooked shrimp to the skillet.
   - Add the cooked pasta and butter.
   - Toss everything together, allowing the butter to melt and coat the pasta evenly.
   - If the mixture seems dry, splash in a little reserved pasta water to loosen it up.

5. **Serve:**
   - Plate the pasta, garnish with chopped parsley, and sprinkle with Parmesan if desired.
   - Serve immediately while hot, with extra lemon wedges on the side.

Enjoy your bright, flavorful Lemon Garlic Shrimp Pasta—perfect with a simple green salad and crusty bread!",True,,10_4,10,PASS,"The recipe uses shrimp (seafood) and contains no meat or poultry. Dairy ingredients (butter and optional Parmesan) are allowed under the pescatarian definition provided. It intentionally avoids fish, matching the user's preference, and all methods/ingredients align with pescatarian guidelines.",HIGH,True
I want paleo bread but every recipe I've tried is terrible,paleo,"Absolutely! Here's a simple and delicious Paleo-friendly bread recipe that’s soft, flavorful, and perfect for toast, sandwiches, or just enjoying on its own. This recipe yields about a 9x5-inch loaf suitable for 2-4 people.

### Paleo Almond-Coconut Bread

**Ingredients:**
- 1 ½ cups almond flour
- ¼ cup coconut flour
- ¼ teaspoon baking soda
- ¼ teaspoon sea salt
- 4 large eggs
- ¼ cup melted coconut oil
- 1 tablespoon honey or maple syrup (optional for a touch of sweetness)
- 1 teaspoon apple cider vinegar

**Instructions:**

1. **Preheat your oven** to 350°F (175°C). Line a 9x5-inch loaf pan with parchment paper or lightly grease it with coconut oil to prevent sticking.

2. **Mix dry ingredients:** In a large mixing bowl, whisk together the almond flour, coconut flour, baking soda, and sea salt until well combined. This ensures even distribution of leavening and salt.

3. **Combine wet ingredients:** In a separate bowl, beat the eggs until frothy. Add the melted coconut oil, honey or maple syrup if using, and apple cider vinegar. Whisk until smooth.

4. **Combine wet and dry:** Pour the wet mixture into the dry ingredients. Stir with a spatula until a thick, uniform batter forms. It will be slightly sticky but cohesive.

5. **Transfer to pan:** Using a spatula, spread the batter evenly into your prepared loaf pan. Smooth the top with the back of a spatula.

6. **Bake:** Place the pan in the preheated oven and bake for about 30-35 minutes, or until the top is golden brown and a toothpick inserted into the center comes out clean.

7. **Cool:** Remove the bread from the oven and let it cool in the pan for about 10 minutes. Then, transfer it to a wire rack to cool completely before slicing.

8. **Serve:** Slice and enjoy! This bread is great toasted with avocado, nut butter, or just plain.

**Tips:** Store leftovers in an airtight container in the fridge for up to 4 days, or freeze slices for longer storage.

Enjoy your fresh, paleo-friendly bread—soft, flavorful, and perfect for any occasion!",True,,17_6,17,PASS,"The recipe uses almond flour and coconut flour (no grains), eggs (allowed on Paleo), coconut oil, sea salt, baking soda, and apple cider vinegar—all compliant with Paleo guidelines. It excludes grains, legumes, dairy, and refined sugar. The optional honey or maple syrup is an unrefined sweetener typically permitted in Paleo (in moderation). No processed foods or non-Paleo methods are used.",HIGH,True
I'm on keto but I'm craving something sweet. Help?,keto,"Absolutely! How about a **Keto Chocolate Coconut Fat Bombs** recipe? They are sweet, satisfying, and perfect for a keto diet. Here's how to make about 8 pieces that will keep you energized and curb your cravings.

### Ingredients:
- 1/2 cup unsweetened shredded coconut
- 1/4 cup coconut oil
- 2 tablespoons unsweetened cocoa powder
- 1 tablespoon erythritol or another keto-friendly sweetener
- 1 teaspoon vanilla extract
- A pinch of salt

### Instructions:

1. **Prepare Your Mold:** Line a muffin tin with silicone liners or use a silicone mold if you have one—this makes removing the fat bombs easier later.

2. **Melt the Coconut Oil:** Place the coconut oil in a small saucepan over low heat. Gently melt it, stirring occasionally to prevent burning. Remove from heat once fully liquid.

3. **Mix the Ingredients:** In a mixing bowl, combine the shredded coconut, cocoa powder, sweetener, vanilla extract, and salt. Pour in the melted coconut oil and stir thoroughly until all ingredients are well incorporated and the mixture is smooth.

4. **Fill the Molds:** Spoon the mixture into your prepared molds or liners, distributing evenly. Lightly tap the mold on the counter to eliminate air bubbles and level the mixture.

5. **Freeze:** Place the molds in the freezer for about 30-40 minutes until the fat bombs are solid.

6. **Serve:** Once firm, pop them out of the molds and enjoy! Keep any leftovers stored in an airtight container in the refrigerator for up to a week.

### Serving size: 2 fat bombs per person

These treats are rich, chocolaty, and perfectly suited for a keto lifestyle. Would you like a different type of sweet treat?",True,,15_5,15,PASS,"The recipe uses high-fat, very low-carb ingredients typical for keto: coconut oil, unsweetened shredded coconut, unsweetened cocoa powder, and a keto-friendly sweetener (erythritol). There are no added sugars, grains, or high-carb ingredients. Vanilla extract adds negligible carbs. Estimated net carbs for the entire batch are very low (primarily from coconut and cocoa), likely under ~5g net for all 8 pieces, making 2-piece servings well within keto limits. Preparation method does not introduce any non-keto elements.",HIGH,True
Raw vegan soup that's actually warm somehow?,raw vegan,"Certainly! Here's a unique recipe for **Warm Spiced Carrot and Ginger Soup**, which is raw vegan in ingredients but gives the comforting warmth through spices and gentle heating. It’s perfect for 2 servings.

### Ingredients:
- 4 large carrots, peeled and chopped
- 1-inch piece of fresh ginger, peeled and grated
- 1 small onion, peeled and chopped
- 2 cloves garlic, minced
- 2 cups vegetable broth (preferably homemade or high-quality)
- 1 tablespoon olive oil
- 1 teaspoon ground cumin
- 1/2 teaspoon paprika
- 1/2 teaspoon turmeric
- Pinch of cayenne pepper (optional, for heat)
- Salt and pepper to taste
- Fresh lemon juice (to taste)
- Fresh herbs (like cilantro or parsley) for garnish

### Instructions:

1. **Sauté the Aromatics:**  
   In a pot, heat the olive oil over medium heat. Add the chopped onion and cook until translucent, about 3-4 minutes. Add the minced garlic and grated ginger, cooking for another minute until fragrant.

2. **Add the Spices:**  
   Stir in the cumin, paprika, turmeric, and cayenne pepper (if using). Cook for 30 seconds to toast the spices and release their aroma.

3. **Cook the Carrots:**  
   Add the chopped carrots to the pot, stirring to coat them with the spices. Pour in the vegetable broth.

4. **Simmer:**  
   Bring the mixture to a gentle boil, then reduce heat to low. Cover and simmer for about 15-20 minutes, or until the carrots are tender.

5. **Warm, Not Boil, for that “raw” feel:**  
   Once cooked, turn off the heat. To keep it feeling more raw and warm (rather than hot), you can transfer the soup to a heat-safe blender container. Blend until smooth and warm (around 110°F or 43°C). Alternatively, gently warm the soup on low heat without boiling.

6. **Finish and Serve:**  
   Pour the soup into bowls. Squeeze fresh lemon juice to brighten the flavor. Garnish with chopped herbs.

### Serving Size:
This recipe makes about 2 servings of warm, flavorful raw vegan soup.

Enjoy the cozy warmth of spiced carrots with the health benefits of raw ingredients!",True,,27_40,27,FAIL,"While all ingredients are vegan, the method violates raw vegan standards. Steps include sautéing onion/garlic in oil, toasting spices, and simmering carrots in broth for 15–20 minutes—all of which heat well above the raw threshold of 118°F (48°C). Using cooked vegetable broth also implies prior high-heat cooking. Blending to ~110°F after cooking does not make it raw. Therefore, it is not raw vegan.",HIGH,True
Need a quick gluten-free breakfast. I hate eggs though.,gluten-free,"Certainly! Here's a delicious gluten-free and egg-free breakfast idea: **Sweet Potato Hash with Avocado and Tomato**. It's hearty, nutritious, and quick to make — perfect for two servings.

### Ingredients:
- 1 large sweet potato (about 1 cup grated or finely diced)
- 1 small red onion, finely chopped
- 1 ripe avocado
- 1 medium tomato, diced
- 2 tablespoons olive oil
- 1 teaspoon smoked paprika (optional)
- Salt and pepper to taste
- Fresh cilantro or parsley for garnish (optional)
- A squeeze of lime or lemon (optional)

### Instructions:

1. **Prepare the Sweet Potato:**
   - Peel the sweet potato and grate it using a box grater or chop it into very small, finely diced pieces to ensure quick cooking.
   
2. **Cook the Sweet Potato:**
   - Heat 1 tablespoon of olive oil in a large skillet over medium heat.
   - Add the grated or diced sweet potato to the skillet.
   - Sprinkle with smoked paprika, salt, and pepper.
   - Cook, stirring occasionally, for about 8-10 minutes until the sweet potato is tender and slightly crispy on the edges.

3. **Add the Onion:**
   - Push the sweet potato to one side of the skillet.
   - Add the remaining 1 tablespoon of olive oil to the empty side.
   - Add the chopped onion and cook for 3-4 minutes until translucent and fragrant.

4. **Combine and Finish:**
   - Mix the onion into the sweet potato mixture.
   - Taste and adjust seasoning with more salt and pepper if needed.
   - Remove from heat.

5. **Prepare the Toppings:**
   - While the hash is cooking, slice the avocado and dice the tomato.
   - Squeeze a little lime or lemon juice over the avocado slices if desired to prevent browning and add a bright flavor.

6. **Serve:**
   - Plate the sweet potato hash on two plates.
   - Top each serving with slices of avocado and diced tomato.
   - Garnish with chopped cilantro or parsley if using.
   - Serve immediately for a warm, satisfying breakfast.

Enjoy your flavorful, egg-free, gluten-free breakfast! Would you like another recipe?",True,,2_37,2,PASS,"All listed ingredients (sweet potato, onion, avocado, tomato, olive oil, smoked paprika, salt, pepper, herbs, citrus) are naturally gluten-free, and the cooking method uses only a skillet with oil. No wheat, barley, rye, or gluten-containing products are included. It also respects the user's dislike of eggs by being egg-free. As with any spice, smoked paprika should be chosen from a brand that avoids cross-contamination if strict gluten avoidance is required.",HIGH,True
I'm diabetic but I want to make a fruit cake for Christmas. My grandmother's recipe has tons of sugar and dried fruit but it's tradition and I can't just skip it this year. Is there any way to modify it so I can still participate in the family tradition without spiking my blood sugar?,diabetic-friendly,"Absolutely! You can create a delicious, festive fruit cake that’s mindful of your blood sugar. We'll modify the traditional recipe by reducing added sugars, using sugar substitutes, and selecting lower glycemic index dried fruits. Here's a diabetic-friendly version of a Christmas fruit cake for 2 people:

### Diabetic-Friendly Christmas Fruit Cake (Serves 2)

#### Ingredients:
- 1/4 cup chopped dried apricots (unsweetened or no added sugar)
- 1/4 cup chopped dried cranberries (preferably unsweetened)
- 2 tbsp chopped walnuts or almonds (for crunch)
- 1/4 cup canned crushed pineapple in juice, drained (unsweetened)
- 1/4 cup unsweetened applesauce (adds moisture)
- 1 large egg
- 2 tbsp erythritol or monk fruit sweetener (or other natural zero-calorie sweetener)
- 1 tsp vanilla extract
- 1/2 tsp ground cinnamon
- 1/4 tsp ground nutmeg
- 1/4 tsp ground ginger
- 1/4 cup whole wheat flour
- 1 tbsp ground flaxseed (for moisture and fiber)
- A pinch of salt
- 1/2 tsp baking powder

#### Instructions:

1. **Preheat your oven** to 350°F (175°C). Grease a small loaf pan or line it with parchment paper.

2. **Prepare the dried fruits:** In a small bowl, soak the chopped dried apricots and cranberries in warm water for about 10 minutes to soften, then drain well. This enhances their texture and reduces chewiness.

3. **Mix the wet ingredients:** In a medium bowl, whisk the eggs until frothy. Stir in the unsweetened applesauce, pineapple, vanilla extract, and sweetener until well combined.

4. **Combine dry ingredients:** In another bowl, mix the whole wheat flour, ground flaxseed, cinnamon, nutmeg, ginger, salt, and baking powder.

5. **Integrate the ingredients:** Gradually add the dry mixture to the wet mixture, stirring gently until just combined. Fold in the soaked dried fruits and chopped nuts.

6. **Bake:** Pour the batter into the prepared pan and smooth the top. Bake for about 25-30 minutes, or until a toothpick inserted into the center comes out clean.

7. **Cool and serve:** Allow the cake to cool in the pan for 10 minutes, then transfer to a wire rack to cool completely. Slice into two generous servings.

#### Tips:
- You can add a sprinkle of cinnamon or a dash of rum-flavored extract for extra holiday flavor.
- For added texture, sprinkle some chopped nuts on top before baking.

This version reduces sugar and increases fiber, making it more suitable for managing blood sugar while still celebrating the tradition! Enjoy your holiday!",True,,22_19,22,FAIL,"While the recipe removes added sugar and uses a non-nutritive sweetener, it still includes a high load of fast-absorbing carbohydrates from dried fruits and fruit purees. Specifically: 1/2 cup total dried fruit (apricots + cranberries) is very high in natural sugars; dried cranberries are often sweetened and even unsweetened dried fruit is concentrated sugar. The recipe also adds 1/4 cup unsweetened applesauce and 1/4 cup crushed pineapple—both add additional sugars with relatively higher glycemic impact compared to whole fruit. It also uses 1/4 cup whole wheat flour, which contributes additional starch. Estimated total carbohydrates for the small loaf are roughly 60–70 g, or ~30–35 g per serving (2 servings), much of which comes from high-glycemic sources that can spike blood glucose. There’s minimal fat to blunt glycemic response, and no clear portion or carb guidance. For a diabetic-friendly fruit cake, you would typically reduce dried fruit to a small amount, avoid applesauce/pineapple, use a low-carb flour (e.g., almond flour), increase nuts/fiber, and provide precise carb counts with smaller portions.",HIGH,True
Diabetic-friendly dessert that doesn't use artificial sweeteners,diabetic-friendly,"Certainly! I recommend making **Baked Cinnamon Apples**—a warm, comforting, and naturally sweet dessert that is perfect for diabetics and requires no artificial sweeteners. Here's how to prepare it for 2 servings:

### Ingredients:
- 2 large crisp apples (such as Granny Smith or Fuji)
- 1 teaspoon ground cinnamon
- 1/4 teaspoon ground nutmeg (optional)
- 1/4 cup chopped nuts (such as walnuts or pecans)
- 2 teaspoons honey or pure maple syrup (optional, for just a touch of natural sweetness)
- 1 tablespoon lemon juice
- A pinch of sea salt

### Instructions:

1. **Preheat your oven** to 375°F (190°C). Line a baking dish with parchment paper or lightly grease it with a small amount of coconut oil.

2. **Prepare the apples:**  
   - Wash the apples thoroughly.  
   - Cut each apple in half vertically, removing the core and seeds with a melon baller or by carving out the center with a spoon. Leave the apple halves intact.

3. **Flavor the apples:**  
   - Place the apple halves in the baking dish, cut side up.  
   - Drizzle lemon juice over the apple cavities to prevent browning and add a fresh tart flavor.  
   - Mix cinnamon, nutmeg, a pinch of salt, and honey (if using).  
   - Sprinkle this spice mixture evenly over the apples.

4. **Add nuts:**  
   - Divide the chopped nuts between the apple cavities, pressing lightly into the flesh.

5. **Bake:**  
   - Cover the baking dish with aluminum foil or a lid.  
   - Bake in the preheated oven for about 25-30 minutes, or until the apples are tender when pierced with a fork. The apple skins should be soft but not falling apart.

6. **Serve:**  
   - Let the apples cool for a few minutes.  
   - Serve warm, perhaps with a dollop of plain Greek yogurt if desired for extra creaminess.

### Notes:
- The natural sweetness of apples and honey make artificial sweeteners unnecessary.
- The fiber and antioxidants from apples and nuts make this a satisfying, health-conscious dessert.
- You can tweak the level of sweetness based on your preference by adding a touch more honey or leaving it out altogether.

Enjoy your warm, healthy baked cinnamon apples!",True,,12_9,12,FAIL,"While the recipe avoids artificial sweeteners as requested, it does not clearly meet diabetic-friendly criteria of controlled carbohydrates. Each serving uses a large apple (~25–30g carbs), which is a high carb load for a dessert. It also includes optional honey or maple syrup, adding additional fast-absorbing sugars (~5–6g per serving) and even suggests adding more to taste. This pushes the dessert beyond what is typically considered controlled for many people managing diabetes. Nuts and cinnamon help with satiety and may modestly impact glycemic response, but they do not offset the high carbohydrate content from large apples and added sugars.",MEDIUM,True
Low-sodium soup recipe - my doctor says I need to cut back,low-sodium,"Certainly! Here's a flavorful and nutritious low-sodium vegetable soup recipe, perfect for two servings. It relies on natural flavors and herbs to compensate for the reduced salt.

**Low-Sodium Vegetable Soup**

**Ingredients:**
- 1 tablespoon olive oil
- 1 onion, finely chopped
- 2 carrots, diced
- 2 celery stalks, diced
- 3 garlic cloves, minced
- 1 can (14.5 oz) no-salt-added diced tomatoes
- 4 cups low-sodium vegetable broth or homemade broth
- 1 zucchini, diced
- 1 cup green beans, trimmed and cut into 2-inch pieces
- 1 teaspoon dried thyme
- 1 teaspoon dried oregano
- 1 bay leaf
- Fresh ground black pepper, to taste
- Fresh parsley, chopped (for garnish)
- Lemon wedges (optional, for added brightness)

---

**Instructions:**

1. **Prepare the Base:**  
   In a large pot, heat the olive oil over medium heat. Add the chopped onion, carrots, and celery. Sauté, stirring occasionally, for about 5-7 minutes until the vegetables are tender and the onion becomes translucent.

2. **Add Aromatics & Tomatoes:**  
   Stir in the minced garlic and cook for another minute until fragrant. Then, add the no-salt-added diced tomatoes (with their juices). Cook for 2-3 minutes to develop the flavors.

3. **Pour in Broth & Herbs:**  
   Pour in the low-sodium vegetable broth. Add the dried thyme, oregano, bay leaf, and black pepper. Stir to combine.

4. **Simmer:**  
   Bring the mixture to a gentle boil, then reduce the heat to low. Cover the pot and let it simmer for 15 minutes to allow flavors to meld.

5. **Add Remaining Vegetables:**  
   Remove the bay leaf. Stir in the diced zucchini and green beans. Continue simmering for another 10 minutes, or until the zucchini is tender.

6. **Taste & Finish:**  
   Adjust seasoning with black pepper if desired. For added brightness, squeeze a fresh lemon wedge into the soup just before serving.

7. **Serve:**  
   Ladle the soup into bowls, garnish with chopped fresh parsley, and enjoy hot.

---

**Serving Size:** 2 generous bowls

This soup is light, full of natural flavor, and perfect for a low-sodium diet. Feel free to serve it with a slice of whole-grain bread or a simple side salad!",True,,18_4,18,PASS,"The recipe avoids added salt and high-sodium ingredients, specifying no-salt-added diced tomatoes and low-sodium vegetable broth. It relies on herbs, pepper, and lemon for flavor, which are sodium-free. All vegetables and seasonings listed are naturally low in sodium. One minor caution: the option of 'homemade broth' should be unsalted to remain low-sodium, and the serving suggestion of bread can be high in sodium, but these do not change the soup recipe itself. Overall, the soup as written adheres to a low-sodium approach.",HIGH,True
Halal pasta recipe - is that even a thing?,halal,"Absolutely! Halal pasta recipes are very common and delicious—it's all about ensuring that all ingredients, like meat or broth, meet halal standards. Here's a tasty **Halal Chicken Alfredo Pasta** recipe perfect for 2 servings. It combines creamy, cheesy goodness with tender chicken and simple ingredients.

### Halal Chicken Alfredo Pasta

#### Ingredients:
- 200g (about 7 oz) of your favorite pasta (penne or fettuccine work well)
- 200g boneless, skinless chicken breasts
- 2 tablespoons olive oil
- Salt and black pepper to taste
- 3 cloves garlic, minced
- 1 cup heavy cream
- ½ cup grated Parmesan cheese
- 1 tablespoon unsalted butter
- Fresh parsley (optional, for garnish)

#### Instructions:

1. **Cook the Pasta:**
   - Bring a large pot of salted water to a boil.
   - Add the pasta and cook according to the package instructions until al dente (usually about 8-10 minutes).
   - Drain and set aside. Keep a small cup of pasta water aside—they can be helpful later.

2. **Prepare the Chicken:**
   - While the pasta is cooking, season the chicken breasts with salt and pepper on both sides.
   - Heat 1 tablespoon of olive oil in a large skillet over medium heat.
   - Add the chicken breasts and cook for about 6-7 minutes on each side, until cooked through and golden brown.
   - Remove from skillet, let rest for a couple of minutes, then slice into thin strips.

3. **Make the Alfredo Sauce:**
   - In the same skillet, add the remaining 1 tablespoon of olive oil.
   - Add minced garlic and sauté for about 1 minute until fragrant (be careful not to burn it).
   - Pour in the heavy cream, stirring constantly.
   - Bring to a gentle simmer and add the grated Parmesan cheese, stirring until smooth and creamy.
   - If the sauce feels too thick, add a splash of the reserved pasta water to loosen it up.

4. **Combine Everything:**
   - Add the cooked pasta to the skillet, tossing to coat it evenly in the Alfredo sauce.
   - Add the sliced chicken on top and gently toss again.
   - Taste and adjust seasoning if needed.

5. **Serve:**
   - Divide the pasta between two plates.
   - Garnish with freshly chopped parsley if desired.
   - Enjoy hot!

This creamy, comforting dish is Halal-friendly, satisfying, and easy to make with basic ingredients. Would you like a different type of Halal pasta dish next?",True,,28_38,28,FAIL,"The recipe avoids pork and alcohol and uses permissible items like pasta, cream, and butter. However, it does not explicitly require halal-certified chicken (proper slaughter is essential for halal) and calls for Parmesan cheese, which is typically made with animal rennet from non-halal slaughtered calves unless specifically halal-certified or made with microbial/vegetarian rennet. Without these specifications, the recipe does not clearly adhere to halal standards.",MEDIUM,True
I want a cheeseburger but I'm dairy-free and vegetarian. I know this sounds impossible but I'm really craving the taste and texture of a classic American cheeseburger and I haven't had one in 3 years since I went vegetarian and developed lactose intolerance,vegetarian,"Absolutely! You can enjoy a delicious dairy-free and vegetarian cheeseburger that replicates the classic American flavor and texture. Here's a recipe for a **Vegan Lentil Veggie Burger with Dairy-Free Cheese** that’s satisfying and full of that nostalgic cheeseburger flavor.

### Ingredients (serves 2):

- **For the burger patties:**
  - 1 cup cooked lentils (green or brown)
  - 1/2 cup cooked quinoa or oats (for binding)
  - 1 small onion, finely chopped
  - 2 cloves garlic, minced
  - 1/2 cup grated carrot
  - 1 tablespoon tomato paste
  - 1 teaspoon smoked paprika
  - 1 teaspoon cumin
  - Salt and pepper to taste
  - 2 tablespoons olive oil (for frying)

- **For the dairy-free cheese slices:**
  - 4 slices of dairy-free cheese (store-bought, like cashew-based or soy-based cheese slices)

- **For the toppings:**
  - Lettuce leaves
  - Tomato slices
  - Red onion slices
  - Pickles (optional)
  - Ketchup and mustard

- **For the buns:**
  - 2 large burger buns (check for dairy-free)

### Instructions:

1. **Prepare the burger patties:**
   - In a mixing bowl, mash the cooked lentils with a fork or potato masher until mostly smooth but with some texture.
   - Add the cooked quinoa or oats, chopped onion, minced garlic, grated carrot, tomato paste, smoked paprika, cumin, salt, and pepper. Mix well until combined.
   - If the mixture feels too wet, add a little more oats or quinoa; if too dry, a splash of water.
   - Divide the mixture into two equal portions and shape each into a round patty about 3/4 inch thick.

2. **Cook the patties:**
   - Heat the olive oil in a skillet over medium heat.
   - Carefully place the patties in the skillet and cook for about 4-5 minutes on each side, until golden brown and firm.

3. **Melt the vegan cheese:**
   - During the last minute of cooking, place a cheese slice on each patty and cover the skillet briefly so the cheese melts slightly.

4. **Assemble the burgers:**
   - Lightly toast the burger buns if desired.
   - Spread ketchup and mustard on the bottom bun.
   - Place a piece of lettuce, then the hot lentil patty with melted cheese.
   - Add tomato slices, onion, and pickles if using.
   - Top with the upper bun.

5. **Serve immediately** with your favorite side fries or salad.

Enjoy your hearty, dairy-free veggie cheeseburgers that bring back that classic American flavor!",True,,24_13,24,PASS,"The recipe uses plant-based ingredients (lentils, quinoa/oats, vegetables, spices) and dairy-free vegan cheese, with standard vegetarian-friendly condiments and vegetable toppings. There is no meat, poultry, or fish included. Buns are suggested with a dairy-free check, which still aligns with vegetarian requirements. Overall, the recipe is fully vegan, thus it clearly adheres to vegetarian restrictions.",HIGH,True
I'm diabetic but I want to make a fruit cake for Christmas. My grandmother's recipe has tons of sugar and dried fruit but it's tradition and I can't just skip it this year. Is there any way to modify it so I can still participate in the family tradition without spiking my blood sugar?,diabetic-friendly,"Absolutely! You can create a delicious, healthier fruit cake that honors tradition while being mindful of blood sugar levels. Here's a modified recipe for a **Low-Sugar Nut and Dried Fruit Christmas Cake** suitable for diabetics, serving 2 people. It uses natural sweeteners and reduced dried fruit, focusing on ingredients that have a lower glycemic impact.

### Ingredients:
- 1/2 cup chopped walnuts or almonds
- 1/4 cup dried cranberries or unsweetened dried cherries (unsweetened dried fruits are best; use in moderation)
- 1/4 cup chopped dried apricots (unsweetened)
- 1/4 cup raisins (preferably dark or black for higher antioxidant content)
- 1 cup almond flour
- 1/4 cup ground flaxseed
- 1 large egg
- 1/4 cup unsweetened applesauce
- 2 tbsp olive oil or melted coconut oil
- 1 tsp vanilla extract
- 1/2 tsp ground cinnamon
- 1/4 tsp ground ginger
- 1/4 tsp nutmeg
- 1/4 tsp baking powder (preferably aluminum-free)
- Pinch of salt
- Optional: a handful of chopped dark chocolate (70% cocoa or higher) for flavor

### Instructions:

1. **Preheat your oven** to 350°F (175°C). Grease a small loaf pan or line it with parchment paper for easy removal.

2. **Prepare the dried fruits:** If using larger dried fruits like apricots, chop them into small pieces. For cranberries and raisins, measure out the amount; if using sweetened dried fruits, opt for sparingly. Soak the dried fruits in warm water for about 10 minutes to plump up, then drain thoroughly.

3. **Mix dry ingredients:** In a medium bowl, combine almond flour, ground flaxseed, cinnamon, ginger, nutmeg, baking powder, and salt. Stir well.

4. **Mix wet ingredients:** In a separate bowl, whisk the egg, applesauce, olive or coconut oil, and vanilla extract until combined.

5. **Combine and fold:** Add the dry mixture into the wet ingredients, stirring gently until just combined. Fold in the soaked dried fruits and nuts. If adding chopped dark chocolate, gently fold it in as well.

6. **Bake:** Pour the batter into the prepared loaf pan and smooth the top. Bake for about 30-40 minutes, or until a toothpick inserted into the center comes out clean.

7. **Cool and serve:** Let the cake cool in the pan for 10 minutes, then transfer to a wire rack. Slice into two generous servings.

### Tips:
- Enjoy a slice with unsweetened Greek yogurt or a small handful of nuts for added flavor and satiety.
- To enhance the festive flavor, sprinkle with a little extra cinnamon or a dusting of cocoa powder before serving.

This version retains the spirit of your family’s tradition but minimizes sugar and insulin spikes. Would you like a savory side dish or another festive recipe?",True,,22_5,22,FAIL,"Although it avoids added sugar and uses almond flour and flaxseed, the recipe includes 3/4 cup dried fruit (raisins, cranberries/cherries, apricots) plus 1/4 cup unsweetened applesauce for only two servings. Dried fruits are concentrated sugars with high glycemic load (e.g., 1/4 cup raisins ~33g carbs). Estimated net carbs per serving likely exceed ~40g, which is not consistent with diabetic-friendly goals of controlled carbohydrates and low glycemic impact. Cranberries are often sweetened, further increasing sugar. The optional dark chocolate can add additional carbs. Therefore, despite some lower-carb ingredients, the overall carb load and use of concentrated dried fruit make it unlikely to prevent blood sugar spikes.",HIGH,True
Nut-free lunch that's safe for my kid's school,nut-free,"Certainly! Here's a tasty and nut-free lunch idea that's perfect for your child's school day: **Chicken and Veggie Wraps**. They're healthy, portable, and easy to prepare.

### Chicken and Veggie Wraps  
**Servings:** 2 wraps (serving size for 1 child or 2 small children)

#### Ingredients:
- 2 large flour tortillas (check for nut-free to ensure safety)
- 1 cup cooked chicken breast, shredded or sliced
- 1/2 cup shredded carrots
- 1/2 cup thinly sliced cucumber
- 1/4 cup thinly sliced bell peppers (red, yellow, or green)
- 2 tablespoons cream cheese or hummus
- A few leafy greens (lettuce, spinach, or arugula)
- Salt and pepper to taste
- Optional: a squeeze of lemon juice for extra flavor

#### Instructions:
1. **Prepare the ingredients:**  
   Shred or slice the cooked chicken breast into bite-sized pieces. Wash and thinly slice the carrots, cucumber, and bell peppers. Rinse the leafy greens and pat dry.

2. **Warm the tortillas:**  
   Gently heat the tortillas in a dry skillet over medium heat for about 10 seconds on each side, or microwave them for about 10 seconds until warm. This makes them more pliable and easier to roll.

3. **Spread the base:**  
   Lay the warm tortilla flat on a clean surface. Spread 1 tablespoon of cream cheese or hummus evenly over the center of each tortilla, leaving about an inch border around the edges. This acts as a tasty and moisture-locking layer.

4. **Layer the fillings:**  
   Divide the shredded chicken evenly between the two tortillas, placing it in the middle. Top with the shredded carrots, cucumber slices, bell peppers, and a few leafy greens.

5. **Season and add lemon (optional):**  
   Sprinkle lightly with salt and pepper. For added flavor, squeeze a tiny bit of lemon juice over the fillings.

6. **Roll the wraps:**  
   Carefully fold in the sides of the tortilla and then tightly roll from one end to the other, creating a snug wrap. Use your fingers to gently press and seal the edge.

7. **Wrap and pack:**  
   Wrap each of the rolled tortillas in parchment paper or sandwich wrap for easy handling and to keep everything together.

8. **Serve or pack:**  
   Place in a lunchbox and store in a cool place until mealtime. These wraps are best enjoyed fresh but can hold for a few hours.

### Tips:
- You can substitute the chicken with cooked turkey, tofu, or hard-boiled eggs.
- To add more flavor, include a few slices of avocado or a small container of yogurt on the side.
- Ensure all ingredients are nut-free and suitable for your child's dietary needs.

Enjoy these delicious and safe wraps! Would you like a different variety or perhaps a snack idea?",True,,59_28,59,PASS,"The recipe contains no peanuts or tree nuts. Core ingredients (flour tortillas, chicken, vegetables, cream cheese, hummus, greens) are inherently nut-free. Hummus typically contains sesame (tahini), not nuts; some varieties include pine nuts, so choosing plain hummus maintains nut-free status. The instructions and tips also remind to check products are nut-free, which addresses label/cross-contact concerns often relevant for school settings. Optional sides (avocado, yogurt) are nut-free unless flavored with nut add-ins, which is not suggested here.",HIGH,True
I'm on a sugar-free diet but I want to make candy,sugar-free,"Absolutely! Here's a delicious and satisfying sugar-free candy recipe: **Sugar-Free Lemon Cough Drops**. They are refreshing, soothing, and perfect for satisfying your sweet tooth without added sugar.

### Ingredients (serves 2-4):
- 1/2 cup (120 ml) water
- 2 tablespoons lemon juice (freshly squeezed)
- 1 tablespoon lemon zest
- 1 tablespoon honey or sugar-free sweetener like erythritol or stevia (adjust to taste)
- 2 teaspoons gelatin powder (unflavored)
- Optional: a few drops of lemon extract for stronger flavor

### Instructions:

1. **Prepare the Molds:**  
   Lightly oil silicone candy molds or an ice cube tray with a neutral oil or non-stick spray. This will help you remove the candies easily later.

2. **Mix the Liquids:**  
   In a small saucepan, combine the water, lemon juice, and lemon zest. Place over medium heat.

3. **Dissolve the Sweetener:**  
   Once the mixture warms up, stir in your chosen sweetener. If using honey, stir until fully dissolved. If using erythritol or stevia, add gradually and taste to adjust sweetness.

4. **Add Gelatin:**  
   Sprinkle the gelatin powder over the mixture slowly, whisking constantly to avoid lumps. Continue whisking until the gelatin is fully dissolved and the mixture is smooth. This usually takes about 2-3 minutes.

5. **Simmer and Thicken:**  
   Bring the mixture just to a gentle simmer, then remove from heat. Be sure not to boil it too long, as it can affect the gelatin's properties.

6. **Pour into Molds:**  
   Carefully pour the warm liquid into your prepared molds. Use a dropper or small spoon for precision.

7. **Chill:**  
   Place the molds in the refrigerator for at least 30-60 minutes, or until the candies are firm.

8. **Remove and Store:**  
   Gently pop the candies out of the molds. For best results, store them in an airtight container in the refrigerator.

### Enjoy!  
These homemade lemon cough drops are a delightful sugar-free treat that can soothe your throat and satisfy your candy craving.

**Note:** Feel free to customize the flavor with other natural extracts like peppermint or orange zest!",True,,26_10,26,FAIL,"The recipe is labeled sugar-free but includes honey as an optional sweetener. Honey is an added sugar and violates a sugar-free diet. While using erythritol or stevia would be compliant, the inclusion of honey as an acceptable option means the recipe does not strictly adhere to the sugar-free restriction.",HIGH,True
Halal pasta recipe - is that even a thing?,halal,"Absolutely! Halal pasta recipes are not only a thing but a delightful way to enjoy a comforting meal while respecting dietary guidelines. Here’s a flavorful **Halal Chicken and Vegetable Pasta** recipe, perfect for two servings. It’s simple, nutritious, and bursting with taste.

### Halal Chicken and Vegetable Pasta

**Ingredients:**
- 200 grams (about 7 oz) of halal chicken breast, cut into strips
- 200 grams (about 7 oz) of pasta (penne, fusilli, or spaghetti)
- 1 tablespoon olive oil
- 2 cloves garlic, minced
- 1 small onion, chopped
- 1 cup cherry tomatoes, halved
- 1 cup bell peppers, sliced (any color)
- 1 zucchini, sliced
- 1 teaspoon dried oregano or basil
- Salt and black pepper to taste
- Optional: a handful of grated Parmesan cheese or halal-certified cheese
- Fresh parsley or basil for garnish

---

### Instructions:

1. **Cook the Pasta:**
   - Bring a large pot of salted water to a boil.
   - Add the pasta and cook according to the package instructions until al dente (usually about 8-10 minutes).
   - Drain the pasta, reserving a small amount of the pasta water, and set aside.

2. **Prepare the Chicken:**
   - While the pasta is cooking, heat 1 tablespoon of olive oil in a large skillet over medium heat.
   - Add the chicken strips and season with a pinch of salt, pepper, and half of the dried oregano or basil.
   - Cook for about 6-8 minutes, turning occasionally, until the chicken is cooked through and lightly browned.
   - Remove the chicken from the skillet and set aside.

3. **Cook the Vegetables:**
   - In the same skillet, add a little more olive oil if needed.
   - Add the chopped onion and minced garlic; sauté for 2 minutes until fragrant.
   - Toss in the bell peppers, zucchini, and cherry tomatoes.
   - Cook for another 5-7 minutes until vegetables are tender but still vibrant.

4. **Combine & Serve:**
   - Return the cooked chicken to the skillet with the vegetables.
   - Add the cooked pasta, mixing thoroughly.
   - If the mixture seems a bit dry, add a splash of reserved pasta water to loosen it up.
   - Sprinkle the remaining herbs, salt, and pepper to taste.
   - Optionally, top with grated Parmesan or halal-certified cheese and fresh herbs.

5. **Plate & Garnish:**
   - Divide the pasta onto two plates.
   - Garnish with freshly chopped parsley or basil.
   - Serve hot and enjoy!

---

### Tips:
- You can swap the chicken for halal beef or shrimp.
- For added flavor, squeeze a little lemon juice before serving.
- Incorporate other vegetables like spinach or mushrooms for variation.

This wholesome, flavorful Halal Chicken and Vegetable Pasta brings a comforting touch to your table while respecting dietary needs. Would you like another recipe?",True,,28_23,28,FAIL,"Most ingredients and methods align with halal (halal chicken, vegetables, pasta, olive oil). However, the recipe lists optional Parmesan cheese without specifying halal certification. Traditional Parmesan typically contains animal rennet not sourced from halal-slaughtered animals, making it non-halal. Although a halal-certified cheese alternative is mentioned, presenting standard Parmesan as an option means the recipe does not clearly adhere to halal guidelines.",HIGH,True
I want paleo bread but every recipe I've tried is terrible,paleo,"Absolutely! Let me share with you a delicious and foolproof Paleo Almond Flour Bread. It’s soft, flavorful, and perfect for toast, sandwiches, or simply slicing with butter. This recipe makes about 8 slices, serving 2-4 people.

### Ingredients:
- 2 cups almond flour
- 1/4 cup ground flaxseed
- 1 teaspoon baking soda
- 1/2 teaspoon salt
- 4 large eggs
- 1/4 cup coconut milk (full-fat or unsweetened)
- 1 tablespoon honey or maple syrup (optional, for a hint of sweetness)
- 1 tablespoon apple cider vinegar
- 2 tablespoons olive oil or melted coconut oil

### Instructions:

1. **Preheat the Oven:**
   Set your oven to 350°F (175°C). Line a standard 8x4-inch bread loaf pan with parchment paper, leaving some overhang for easy removal.

2. **Mix Dry Ingredients:**
   In a medium bowl, whisk together the almond flour, ground flaxseed, baking soda, and salt until well combined.

3. **Combine Wet Ingredients:**
   In a separate large bowl, beat the eggs until frothy. Add the coconut milk, honey (if using), apple cider vinegar, and olive oil. Whisk until smooth.

4. **Incorporate Dry into Wet:**
   Gradually add the dry mixture into the wet ingredients, stirring well after each addition, until you get a thick batter. It should be slightly sticky but spreadable.

5. **Transfer to Pan:**
   Pour the batter into the prepared loaf pan. Use a spatula to smooth the top evenly.

6. **Bake:**
   Place in the oven and bake for about 30-35 minutes, or until the top is golden brown and a toothpick inserted into the center comes out clean.

7. **Cool & Slice:**
   Let the bread cool in the pan for about 10 minutes. Then, transfer it to a wire rack and cool completely before slicing.

8. **Serve:**
   Enjoy slices plain, toasted with paleo-friendly toppings like avocado, or use for paleo sandwiches!

This almond flour bread has a moist, slightly nutty flavor, and the texture is tender yet holds together well. Perfect for your paleo diet!

Would you like a specific variation, such as adding herbs or seeds?",True,,17_30,17,PASS,"The ingredient list avoids grains, legumes, dairy, refined sugar, and processed foods: almond flour, flaxseed, eggs, coconut milk, olive/coconut oil, honey/maple (optional, and paleo-acceptable in moderation), baking soda, salt, and apple cider vinegar are all paleo-friendly. The cooking method is compliant. Note: the serving suggestion of ""slicing with butter"" is not paleo (dairy). Use avocado, olive/coconut oil, or other paleo toppings instead. The core recipe itself remains paleo-compliant.",HIGH,True
Paleo spaghetti and meatballs,paleo,"Certainly! Here's a delicious Paleo Spaghetti and Meatballs recipe that's perfect for two people.

**Ingredients:**

_For the Meatballs:_
- 1 pound ground beef (preferably grass-fed)
- 1/4 cup finely chopped onion
- 2 cloves garlic, minced
- 1 tablespoon chopped fresh parsley (optional)
- 1 teaspoon sea salt
- 1/2 teaspoon black pepper
- 1/2 teaspoon dried oregano
- 1/4 teaspoon crushed red pepper flakes (optional)
- 1 tablespoon olive oil or coconut oil (for baking or pan-frying)

_For the Tomato Sauce:_
- 2 cups canned tomato puree or crushed tomatoes (preferably no added sugar)
- 2 cloves garlic, minced
- 1 tablespoon olive oil
- 1 teaspoon dried basil or fresh basil leaves
- Salt and pepper to taste

_For the ""Spaghetti"":_
- 2 medium zucchinis, spiralized into noodles

**Instructions:**

1. **Prepare the Meatballs:**
   - In a mixing bowl, combine the ground beef, chopped onion, minced garlic, parsley (if using), salt, pepper, oregano, and red pepper flakes. Mix everything thoroughly with your hands or a spoon until well combined.
   - Shape the mixture into 4-6 evenly sized meatballs (roughly 1 to 1.5 inches in diameter).

2. **Cook the Meatballs:**
   - Heat a tablespoon of olive or coconut oil in a large skillet over medium heat.
   - Once hot, add the meatballs carefully, ensuring they are spaced apart. Brown them on all sides for about 5-7 minutes, turning occasionally until they are cooked through and nicely browned. You can also bake the meatballs at 375°F (190°C) for about 20-25 minutes if preferred.

3. **Prepare the Tomato Sauce:**
   - While the meatballs are cooking, in a separate pan, heat 1 tablespoon of olive oil over medium heat.
   - Add the minced garlic and sauté for about 30 seconds until fragrant.
   - Pour in the tomato puree, add basil, salt, and pepper. Stir well.
   - Let the sauce simmer gently for 10-15 minutes, stirring occasionally.

4. **Combine and Simmer:**
   - Once the meatballs are cooked, transfer them into the simmering tomato sauce.
   - Allow everything to simmer together for an additional 10 minutes to let the flavors meld.

5. **Prepare the Zucchini Noodles:**
   - While the sauce simmers, spiralize the zucchinis into noodle-like strands.
   - In a separate pan or skillet, quickly sauté the zucchini noodles in a teaspoon of olive oil over medium heat for 2-3 minutes until just tender. Avoid overcooking to keep them firm and fresh.

6. **Serve:**
   - Plate the zucchini noodles on two plates.
   - Ladle the meatballs and sauce over the noodles.
   - Garnish with extra chopped parsley or basil if desired.

Enjoy your hearty Paleo spaghetti and meatballs—a healthy, flavorful, and satisfying dish!",True,,58_16,58,PASS,"The recipe avoids all non-Paleo foods: no grains (uses zucchini noodles instead of pasta), no legumes, no dairy, and no refined sugar. Meatballs contain only ground beef, herbs, onion, garlic, and spices—no breadcrumbs or cheese. Sauces and cooking fats (olive or coconut oil) are Paleo-friendly. Canned tomato puree is acceptable when unsweetened (explicitly specified as no added sugar). Seasonings and cooking methods are compliant. Overall, it adheres to Paleo guidelines.",HIGH,True
I don't like vegetables but I want to eat healthy,vegetarian,"Certainly! Let’s go for a hearty and healthy Chicken and Mushroom Stir-Fry. This dish is flavorful, rich in protein, and uses minimal vegetables—just enough to keep it balanced and nutritious. Perfect for 2 servings.

### Ingredients:
- 2 boneless, skinless chicken breasts
- 1 cup mushrooms (white or cremini), sliced
- 2 cloves garlic, minced
- 2 tablespoons soy sauce (low sodium preferred)
- 1 tablespoon olive oil
- 1 teaspoon sesame oil (optional for extra flavor)
- Salt and pepper to taste
- 1 teaspoon cornstarch (optional, for thicker sauce)
- 1/2 cup chicken broth (or water)
- Cooked rice or noodles to serve

### Instructions:
1. **Prepare the chicken:** 
   - Rinse the chicken breasts and pat them dry.
   - Slice the chicken into thin strips, about 1/2 inch wide. This helps them cook quickly and evenly.

2. **Soften the sauce (optional):**
   - In a small bowl, mix soy sauce, chicken broth, and cornstarch if you want a thicker sauce. Set aside.

3. **Cook the chicken:**
   - Heat the olive oil in a large skillet or wok over medium-high heat.
   - Add the chicken strips to the hot oil, season lightly with salt and pepper.
   - Cook for about 4-5 minutes, stirring occasionally, until the chicken is browned and cooked through.

4. **Add the mushrooms and garlic:**
   - Push the chicken to one side of the pan.
   - Add the sliced mushrooms to the empty side.
   - Sauté for 3-4 minutes until the mushrooms are tender and browned.
   - Add the minced garlic, cooking for an additional 30 seconds until fragrant.

5. **Combine and finish:**
   - Stir everything together.
   - Pour the prepared sauce over the chicken and mushrooms.
   - Stir well and cook for another 2 minutes until the sauce is slightly thickened.
   - Drizzle with sesame oil for aroma if using.

6. **Serve:**
   - Spoon the hot stir-fry over cooked rice or noodles.
   - Garnish with chopped green onions or sesame seeds if desired.

Enjoy your healthy, protein-packed Chicken and Mushroom Stir-Fry! It’s satisfying, easy to make, and perfect when you want a meal without too many vegetables.",True,,38_38,38,FAIL,"The recipe includes chicken breasts and chicken broth, both of which are meat products and not permitted on a vegetarian diet. Vegetarian diets allow dairy and eggs but exclude all meat and fish. Therefore, the core ingredients and cooking method violate the vegetarian restriction.",HIGH,True
I'm trying to eat clean but I want pizza,whole30,"Great choice! How about trying a **Cauliflower Crust Veggie Pizza**? It's a healthier, low-carb alternative that’s packed with vegetables and flavor. This recipe serves 2.

### Ingredients:
- 1 medium cauliflower head (about 3 cups grated cauliflower or 3 cups pre-riced cauliflower)
- 1/4 cup almond flour (or whole wheat flour)
- 1 large egg
- 1/2 teaspoon dried oregano
- 1/2 teaspoon garlic powder
- Salt and pepper to taste
- 1/2 cup marinara sauce (look for low-sugar or make your own)
- 1 cup shredded mozzarella cheese (preferably part-skim)
- Assorted fresh vegetables for topping: sliced bell peppers, cherry tomatoes, spinach, red onion (or any veggies you love)
- Fresh basil or parsley for garnish

### Instructions:

1. **Preheat the Oven:**  
   Set your oven to 425°F (220°C). Line a baking sheet with parchment paper or a silicone baking mat.

2. **Prepare the Cauliflower:**  
   - If using a whole cauliflower, cut it into chunks and pulse in a food processor until it resembles rice. Alternatively, buy pre-riced cauliflower.
   - Transfer the cauliflower to a microwave-safe bowl, cover loosely, and microwave on high for about 4-5 minutes until soft. Let it cool slightly.

3. **Drain and Dry:**  
   - Place the cooked cauliflower in a clean dish towel or cheesecloth and squeeze out as much moisture as possible. This step is crucial for a sturdy crust.

4. **Make the Crust:**  
   - In a large mixing bowl, combine the drained cauliflower, almond flour, egg, oregano, garlic powder, salt, and pepper. Mix until well combined.
   - Transfer the mixture onto the prepared baking sheet and press into a thin, round crust about 1/4 inch thick.

5. **Bake the Crust:**  
   - Bake for 15-20 minutes, or until golden brown and firm.

6. **Add Toppings:**  
   - Spread marinara sauce evenly over the crust.
   - Sprinkle shredded mozzarella cheese.
   - Distribute your chosen vegetables on top.

7. **Final Bake:**  
   - Return the pizza to the oven and bake for an additional 8-10 minutes, until the cheese is melted and bubbly.

8. **Garnish and Serve:**  
   - Remove from oven, garnish with fresh basil or parsley, and slice. Serve warm.

Enjoy your delicious, clean-eating veggie pizza!",True,,40_36,40,FAIL,"This recipe violates multiple Whole30 rules. It includes dairy (shredded mozzarella), which is not allowed. It suggests whole wheat flour as an option, and all grains are prohibited on Whole30. The marinara guidance says ""low-sugar,"" but Whole30 requires no added sugar at all. Additionally, recreating pizza (even with compliant ingredients like cauliflower and almond flour) falls under the Whole30 ""SWYPO"" rule that forbids recreations of baked goods/junk foods like pizza crust. While some ingredients (cauliflower, egg, veggies, herbs) are compliant, the overall recipe does not adhere to Whole30.",HIGH,True
I'm vegan but I really want to make something with honey - is there a good substitute? i am craving a yogurt breakfast,vegan,"Absolutely! Since you're vegan and craving a yogurt breakfast, I recommend making a **Coconut Chia Pudding with Fresh Fruit**. It's creamy, satisfying, and naturally vegan, and you'll get that delightful tang and sweetness similar to yogurt, but with plant-based ingredients. Plus, you can sweeten it with maple syrup or agave nectar instead of honey.

### Coconut Chia Pudding with Fresh Fruit (Serves 2)

#### Ingredients:
- 1/2 cup coconut milk (full-fat or light, depending on preference)
- 1/4 cup chia seeds
- 1-2 tablespoons maple syrup or agave nectar (adjust to sweetness preference)
- 1/2 teaspoon vanilla extract
- Fresh fruit (such as berries, sliced banana, mango, or kiwi)
- Optional toppings: shredded coconut, chopped nuts, or seeds

#### Instructions:

1. **Prepare the Base:** In a medium bowl or jar, combine the coconut milk, chia seeds, maple syrup or agave nectar, and vanilla extract. Stir well until the ingredients are thoroughly mixed. Make sure the chia seeds are evenly distributed to prevent clumping.

2. **Let it Thicken:** Cover the bowl or jar with a lid or plastic wrap. Place in the refrigerator and let it sit for at least 4 hours, preferably overnight. During this time, the chia seeds will absorb the liquid and turn the mixture into a pudding-like texture.

3. **Stir and Check:** After the resting period, give the pudding a good stir to break up any clumps. If it's too thick, you can add a splash of extra coconut milk and stir again.

4. **Serve:** Divide the chia pudding into two bowls. Top each with a generous handful of fresh fruit. Add optional toppings like shredded coconut, chopped nuts, or seeds for extra texture and flavor.

5. **Enjoy:** Serve immediately and enjoy a refreshing, nutritious vegan breakfast that feels indulgent and satisfying!

This recipe provides a creamy, yogurt-like experience with natural sweetness and lots of fiber and healthy fats. Would you like a different type of vegan breakfast recipe?",True,,1_1,1,PASS,"The recipe uses only plant-based ingredients: coconut milk, chia seeds, maple syrup or agave (explicit honey substitutes), vanilla extract, fruit, and optional nuts/seeds. There are no animal products (no dairy, eggs, honey, or meat). The method does not introduce any non-vegan elements. Therefore, it adheres to vegan guidelines.",HIGH,True
My kid needs a nut-free cookie recipe for school but she's super picky and only likes chocolate,nut-free,"Here's a delicious nut-free chocolate cookie recipe that's perfect for picky eaters and safe for school! These soft, chewy cookies are packed with chocolate flavor and free from nuts, making them a great treat for your kid.

**Nut-Free Chocolate Chip Cookies (Makes approximately 12 cookies)**

**Ingredients:**
- 1/2 cup (115g) unsalted butter, softened
- 1/2 cup (100g) granulated sugar
- 1/4 cup (50g) packed brown sugar
- 1 large egg
- 1 teaspoon vanilla extract
- 1 1/4 cups (150g) all-purpose flour
- 1/2 teaspoon baking soda
- 1/4 teaspoon salt
- 3/4 cup (130g) semi-sweet chocolate chips (look for nut-free labels)

**Steps:**

1. **Preheat your oven** to 350°F (175°C). Line a baking sheet with parchment paper or a silicone baking mat for easy removal.

2. **Cream the butter and sugars:** In a large mixing bowl, use a hand or stand mixer to beat the softened butter, granulated sugar, and brown sugar on medium speed until the mixture is light and fluffy, about 2-3 minutes.

3. **Add egg and vanilla:** Beat in the egg until well combined, then add the vanilla extract and mix until smooth.

4. **Combine dry ingredients:** In a separate bowl, whisk together the flour, baking soda, and salt.

5. **Mix dry into wet:** Gradually add the dry ingredients to the wet ingredients, mixing on low speed or stirring with a spatula until just combined. Do not overmix, as this can make the cookies tough.

6. **Add chocolate chips:** Fold in the chocolate chips evenly into the dough.

7. **Shape the cookies:** Using a tablespoon or cookie scoop, portion out the dough and place they onto the prepared baking sheet. Leave about 2 inches between each cookie to allow spreading.

8. **Bake:** Place in the oven and bake for 10-12 minutes, or until the edges are golden and the centers look set.

9. **Cool:** Remove from the oven and let the cookies sit on the baking sheet for 5 minutes to firm up. Then transfer them to a wire rack to cool completely.

10. **Serve:** Once cooled, serve these cookies fresh, or store in an airtight container at room temperature for up to 3 days.

These cookies are simple, chocolatey, and perfect for school lunches. Plus, they’re nut-free and safe for school environments!",True,,8_27,8,PASS,"The recipe contains no nuts or nut-derived ingredients. Core ingredients are butter, sugars, egg, vanilla, all-purpose flour, baking soda, salt, and semi-sweet chocolate chips. It explicitly advises choosing nut-free labeled chocolate chips to reduce cross-contamination risk, which is the most common nut-related concern in chocolate. No cooking methods introduce nuts. Overall, it adheres to a nut-free dietary restriction and is appropriate for a school setting.",HIGH,True
My kid needs a nut-free cookie recipe for school but she's super picky and only likes chocolate,nut-free,"Absolutely! Here's a delicious and nut-free chocolate cookie recipe that is perfect for picky kids and easy to make. These soft, gooey chocolate cookies are sure to satisfy any chocolate craving without any nuts involved.

**Nut-Free Double Chocolate Cookies (Makes about 12 cookies)**

**Ingredients:**
- 1/2 cup (115g) unsalted butter, softened
- 1/2 cup (100g) granulated sugar
- 1/2 cup (100g) packed brown sugar
- 1 large egg
- 1 teaspoon vanilla extract
- 1 cup (125g) all-purpose flour
- 1/4 cup (25g) unsweetened cocoa powder
- 1/2 teaspoon baking soda
- 1/4 teaspoon salt
- 1 cup (170g) semi-sweet chocolate chips (make sure they're nut-free)

**Instructions:**

1. **Preheat your oven** to 350°F (175°C). Line a baking sheet with parchment paper or a silicone baking mat to prevent sticking.

2. **Cream the butter and sugars:** In a large mixing bowl, use a hand or stand mixer to beat the softened butter, granulated sugar, and brown sugar on medium speed until the mixture is light and fluffy. This takes about 2-3 minutes.

3. **Add egg and vanilla:** Crack the egg into the bowl and add the vanilla extract. Beat until well combined and smooth.

4. **Combine dry ingredients:** In a separate bowl, whisk together the flour, cocoa powder, baking soda, and salt.

5. **Mix dry and wet ingredients:** Gradually add the dry ingredients to the wet ingredients, mixing on low speed or stirring with a spatula until just combined. Do not overmix, as this can make the cookies tough.

6. **Add chocolate chips:** Fold in the chocolate chips with a spatula or spoon until evenly distributed.

7. **Scoop the dough:** Using a tablespoon or cookie scoop, drop rounded portions of dough onto the prepared baking sheet, leaving about 2 inches between each for spreading.

8. **Bake:** Place in the preheated oven and bake for 8-10 minutes. The edges should be set, but the centers may look slightly soft—these cookies are best when slightly gooey.

9. **Cool:** Allow the cookies to cool on the baking sheet for 5 minutes to firm up, then transfer them to a wire rack to cool completely.

**Serving size:** This recipe makes about 12 cookies, perfect for two kids or larger servings.

Enjoy these rich, chocolatey cookies that are free from nuts but full of flavor! Would you like ideas on how to customize these, maybe add some fun mix-ins or make them vegan?",True,,8_4,8,PASS,"The recipe contains no nuts or nut derivatives. Ingredients listed are butter, sugars, egg, vanilla, all-purpose flour, cocoa powder, baking soda, salt, and chocolate chips. It explicitly notes to use nut-free chocolate chips, addressing a common cross-contact risk. No cooking methods introduce nuts. While broader cross-contact (e.g., flour, cocoa) could be a concern for severe allergies, the recipe itself adheres to nut-free requirements.",HIGH,True
I'm trying to eat clean but I want pizza,whole30,"Great choice! How about trying a **Whole Wheat Veggie Flatbread Pizza**? It's healthy, flavorful, and easy to make! 

### Ingredients (serves 2):
- 2 whole wheat pita breads or flatbreads
- 1/2 cup of tomato sauce (preferably low-sodium or homemade)
- 1 cup shredded mozzarella cheese (preferably part-skim)
- 1 small bell pepper, thinly sliced
- 1 small zucchini, thinly sliced
- 1 small red onion, thinly sliced
- 1 teaspoon olive oil
- 1 teaspoon dried oregano or Italian seasoning
- Salt and pepper to taste
- Fresh basil leaves (optional, for garnish)

### Instructions:

1. **Preheat the oven:** Turn on your oven to 400°F (200°C). If you have a pizza stone, place it in the oven to heat up.

2. **Prepare the veggies:** Rinse and thinly slice the bell pepper, zucchini, and red onion. These veggies will add crunch and nutrients to your pizza.

3. **Sauté the veggies:** In a small skillet, heat 1 teaspoon of olive oil over medium heat. Add the sliced onions first, cooking for about 2 minutes until translucent. Then add bell peppers and zucchini, cooking for another 3-4 minutes until slightly softened. Season with a pinch of salt and pepper. Remove from heat and set aside.

4. **Assemble the pizza:** Place the pita or flatbread on a parchment-lined baking sheet. Spread a thin layer of tomato sauce evenly over each. Sprinkle half of the shredded mozzarella on each pizza.

5. **Add toppings:** Distribute the sautéed veggies evenly over both pizzas. Sprinkle with dried oregano or Italian seasoning for flavor.

6. **Bake:** Place the pizzas in the oven and bake for 10-12 minutes, or until the cheese is melted and bubbly, and the edges are golden.

7. **Finish:** Remove from the oven. If desired, garnish with fresh basil leaves for an extra burst of flavor.

8. **Serve:** Slice and enjoy your clean, delicious veggie flatbread pizzas! This recipe serves 2.

This pizza is low in processed ingredients, full of fiber and vitamins, and satisfies that pizza craving in a healthy way. Would you like another recipe or any tips?",True,,40_27,40,FAIL,"Whole30 excludes all grains and dairy. The recipe uses whole wheat pita/flatbread (grain) and shredded mozzarella cheese (dairy), both of which violate Whole30 rules. While olive oil, vegetables, and an unsweetened tomato sauce could be compliant, the inclusion of wheat and dairy makes the recipe non-compliant.",HIGH,True
Vegan cheese recipe but it should taste good. i can have cashews but no other nuts. i don't like nutritional yeast,vegan,"Certainly! Here's a delicious vegan cashew cheese that’s rich, creamy, and perfect for spreading or melting, all without nutritional yeast. This recipe makes about 1 cup, serving 2 people.

### Creamy Vegan Cashew Cheese (No Nutritional Yeast)

#### Ingredients:
- 1 cup raw cashews (soaked in water for at least 4 hours or overnight, then drained)
- 2 tablespoons lemon juice
- 1/4 cup water (adjust for consistency)
- 2 tablespoons olive oil
- 1 garlic clove, minced
- 1/2 teaspoon onion powder
- 1/2 teaspoon smoked paprika (optional, for extra flavor)
- Salt, to taste
- Fresh herbs like chives or parsley (optional, for flavor and garnish)

#### Instructions:
1. **Soak the Cashews:** Place the cashews in a bowl and cover with water. Let them soak for at least 4 hours or overnight. Drain and rinse well before using.
   
2. **Blend the Base:** In a high-speed blender or food processor, add the soaked cashews, lemon juice, water, and olive oil. Blend until smooth and creamy. You may need to scrape down the sides a few times.
   
3. **Add Flavor:** Add the minced garlic, onion powder, smoked paprika (if using), and a pinch of salt. Blend again until well combined and smooth. If the mixture is too thick, add a splash more water until you reach your desired consistency.
   
4. **Taste and Adjust:** Taste the cheese and add more salt or lemon juice if needed. Blend again to incorporate.
   
5. **Chill & Serve:** Transfer the cashew cheese to a bowl, cover, and refrigerate for at least 30 minutes to allow flavors to meld. Garnish with chopped fresh herbs if desired.

#### Serving Suggestions:
- Spread on crackers or bread
- Use as a dip for veggies
- Melted on vegan sandwiches or nachos

Enjoy your homemade vegan cashew cheese that’s flavorful and versatile!",True,,23_32,23,PASS,"All ingredients are plant-based (cashews, lemon juice, water, olive oil, garlic, onion powder, smoked paprika, salt, herbs) with no animal products. The method involves soaking, blending, and chilling—no non-vegan processes. It respects the user's constraints by using cashews as the only nut and omitting nutritional yeast. While serving suggestions mention bread/crackers/nachos (which can vary), these are optional and do not alter the vegan compliance of the recipe itself.",HIGH,True
I'm flexitarian leaning vegan,vegan,"Great choice! Here's a delicious and nourishing recipe for **Chickpea and Spinach Coconut Curry**. It's entirely plant-based, flavorful, and perfect for a satisfying dinner for two.

### Chickpea and Spinach Coconut Curry
**Servings:** 2

#### Ingredients:
- 1 can (15 oz) chickpeas, drained and rinsed
- 2 cups fresh spinach, roughly chopped
- 1 can (13.5 oz) coconut milk
- 1 medium onion, diced
- 3 cloves garlic, minced
- 1-inch piece of fresh ginger, grated
- 1 tablespoon olive oil
- 1 teaspoon ground cumin
- 1 teaspoon ground coriander
- 1/2 teaspoon turmeric powder
- 1/2 teaspoon chili powder (adjust to taste)
- Salt and black pepper to taste
- Juice of half a lemon
- Optional: fresh cilantro for garnish

#### Instructions:

1. **Prepare the aromatics:**  
   Start by peeling and dicing the onion into small pieces. Mince the garlic cloves and grate the ginger.

2. **Sauté the base:**  
   In a large skillet or saucepan, heat the olive oil over medium heat. Add the diced onion and cook for about 5 minutes until soft and translucent, stirring occasionally.

3. **Add spices and aromatics:**  
   Into the skillet, add the minced garlic, grated ginger, cumin, coriander, turmeric, and chili powder. Stir well and cook for another minute until fragrant. This step helps unlock the flavors of the spices.

4. **Pour in coconut milk:**  
   Slowly pour the coconut milk into the pan, stirring to combine with the spices and onion mixture. Bring to a gentle simmer.

5. **Add chickpeas:**  
   Stir in the rinsed chickpeas. Reduce the heat to low and let the curry simmer for about 10 minutes, allowing the flavors to meld.

6. **Add spinach:**  
   Toss in the chopped spinach and cook for another 2-3 minutes until wilted. Season with salt and black pepper to taste.

7. **Finish with lemon:**  
   Squeeze the juice of half a lemon into the curry for a fresh, bright flavor. Stir to incorporate.

8. **Serve:**  
   Ladle the curry into bowls. If desired, garnish with chopped fresh cilantro. Serve hot, ideally alongside steamed rice or crusty bread.

Enjoy your vibrant, hearty, and healthy chickpea and spinach coconut curry!",True,,49_31,49,PASS,"All listed ingredients are plant-based (chickpeas, spinach, coconut milk, aromatics, spices, oil, lemon, cilantro) and the cooking method uses no animal products. The main recipe is fully vegan. The serving suggestion mentions rice or crusty bread; rice is vegan, while some breads may contain dairy, eggs, or honey, but this is optional and not part of the core recipe.",HIGH,True
Halal pasta recipe - is that even a thing?,halal,"Absolutely! Halal pasta is completely possible and delicious. Let me recommend a flavorful **Halal Chicken and Tomato Pasta** that serves 2 people. It's simple, wholesome, and perfect for everyday meals.

### Halal Chicken and Tomato Pasta

#### Ingredients:
- 200g of spaghetti or any pasta of your choice
- 2 boneless, skinless chicken breasts (cut into strips or bite-sized pieces)
- 2 tablespoons olive oil
- 3 garlic cloves, minced
- 1 can (400g) diced tomatoes or 2 fresh tomatoes, chopped
- 1 teaspoon dried oregano or basil
- Salt and black pepper to taste
- A handful of fresh parsley or basil for garnish (optional)
- Grated Parmesan or your favorite cheese (optional but adds flavor)

#### Instructions:

1. **Cook the pasta:** Fill a large pot with water, add a pinch of salt, and bring it to a boil. Add the pasta and cook according to package instructions until al dente (usually about 8-10 minutes). Drain and set aside.

2. **Prepare the chicken:** While the pasta is cooking, heat 1 tablespoon of olive oil in a large skillet over medium heat. Add the chicken pieces, season lightly with salt and black pepper, and cook until browned and cooked through, about 6-8 minutes. Remove from the skillet and set aside.

3. **Make the sauce:** In the same skillet, add the remaining 1 tablespoon of olive oil. Toss in the minced garlic and sauté for about 30 seconds until fragrant. Add the diced tomatoes (or fresh chopped tomatoes), oregano or basil, salt, and pepper. Stir well and cook for about 5-7 minutes, allowing the sauce to simmer and thicken slightly.

4. **Combine:** Return the cooked chicken to the skillet with the tomato sauce. Mix well and simmer for another 2-3 minutes to let the flavors meld together.

5. **Serve:** Toss the cooked pasta into the skillet, mixing thoroughly to coat the pasta with the sauce. Garnish with chopped fresh parsley or basil and sprinkle with grated cheese if desired.

---

### Serving Tip:
Serve hot with a side of garlic bread or a fresh green salad for a complete meal.

This dish is not only Halal but also hearty and full of fresh flavors. Enjoy your meal!",True,,28_24,28,FAIL,"The recipe claims to be halal but does not specify halal-certified chicken, which is essential for halal compliance. It also suggests grated Parmesan or 'your favorite cheese' as an optional topping; many Parmesans use animal rennet from non-halal sources, making them non-halal unless specifically halal-certified or made with microbial/vegetarian rennet. While there is no alcohol or pork, the lack of explicit halal sourcing for meat and cheese means it does not clearly adhere to halal requirements.",HIGH,True
I want something light but filling,low-carb,"Let's make a delicious Mediterranean Chickpea Salad — a light yet satisfying dish perfect for a quick, wholesome meal for two.

### Mediterranean Chickpea Salad

#### Ingredients:
- 1 can (15 oz) chickpeas, drained and rinsed
- 1 medium cucumber, diced
- 10 cherry tomatoes, halved
- 1/4 red onion, finely chopped
- 1/4 cup crumbled feta cheese
- 2 tablespoons fresh parsley, chopped
- 2 tablespoons extra virgin olive oil
- 1 tablespoon lemon juice
- Salt and pepper to taste
- Optional: 1/4 teaspoon dried oregano or basil

#### Instructions:

1. **Prepare the Vegetables:**
   - Start by dicing the cucumber into small chunks. Halve the cherry tomatoes to release their juices and flavor.
   - Finely chop the red onion—this adds a mild sharpness that balances the salad.
   - Chop the parsley finely for a fresh herbaceous note.

2. **Assemble the Salad:**
   - In a large mixing bowl, add the drained chickpeas.
   - Toss in the chopped cucumber, cherry tomatoes, red onion, and parsley.

3. **Dress the Salad:**
   - Drizzle the olive oil and lemon juice over the mixture.
   - Gently toss to combine all ingredients thoroughly.
   - Season with salt, pepper, and optional oregano or basil to taste.

4. **Add Feta:**
   - Crumble the feta cheese over the top and give the salad a gentle stir to distribute, or leave it on top for presentation.

5. **Serve:**
   - Serve immediately or chill in the refrigerator for 15-20 minutes for a fresher taste.

This salad pairs nicely with crunchy pita bread or as a side with grilled chicken or fish. It’s light but packed with protein and flavor, perfect for a satisfying yet light meal for two.",True,,42_6,42,FAIL,"The main ingredient is a full 15 oz can of chickpeas, which are high in carbohydrates. A typical 15 oz can (drained) provides roughly 70–80g total carbs and ~50–60g net carbs. Split into two servings, that’s approximately 25–35g net carbs per serving from chickpeas alone, not including additional carbs from tomatoes and onions. For a low-carb diet (typically <50g per day), this single meal would consume the majority of the daily carb allowance, making it impractical as a low-carb option. Additionally, the suggestion to pair with pita bread further conflicts with low-carb guidelines.",HIGH,True
Comfort food that won't make me feel guilty,vegetarian,"Absolutely! I recommend trying a Light Chicken and Vegetable Stir-Fry. It's hearty, satisfying, and nutritious—perfect for comfort without the guilt.

### Light Chicken and Vegetable Stir-Fry (serves 2)

**Ingredients:**
- 2 boneless, skinless chicken breasts
- 1 tablespoon olive oil
- 2 cups mixed vegetables (e.g., bell peppers, broccoli, snap peas, carrots — use what you have)
- 2 cloves garlic, minced
- 1 teaspoon fresh ginger, grated (optional)
- 3 tablespoons low-sodium soy sauce
- 1 teaspoon honey or maple syrup
- 1 tablespoon water or chicken broth
- Salt and pepper to taste
- Optional: chopped green onions or sesame seeds for garnish

---

### Instructions:

1. **Prepare the Chicken:**
   - Slice the chicken breasts into thin strips or bite-sized pieces.
   - Season lightly with salt and pepper.

2. **Cook the Chicken:**
   - Heat 1 tablespoon of olive oil in a large skillet or wok over medium-high heat.
   - Add the chicken pieces and cook for about 5-6 minutes, stirring occasionally, until they are golden brown and cooked through.
   - Remove the chicken from the skillet and set aside.

3. **Cook the Vegetables:**
   - In the same skillet, add a bit more oil if needed.
   - Toss in the minced garlic and grated ginger; sauté for about 30 seconds until fragrant.
   - Add the mixed vegetables and stir-fry for about 4-5 minutes until they are tender-crisp.

4. **Combine and Flavor:**
   - Return the cooked chicken to the skillet with vegetables.
   - In a small bowl, mix soy sauce, honey, and water (or chicken broth).
   - Pour this sauce over the chicken and vegetables, stirring well to coat evenly.
   - Cook for another 2-3 minutes until heated through and flavors meld.

5. **Serve:**
   - Divide onto plates, garnish with chopped green onions or a sprinkle of sesame seeds if desired.
   - Serve immediately, perhaps with a side of steamed brown rice or quinoa for extra fullness.

Enjoy this colorful, flavorful dish that feels indulgent but is light and nourishing!",True,,43_32,43,FAIL,"The recipe includes animal meat (2 boneless, skinless chicken breasts) and uses chicken broth as an option, both of which violate a vegetarian diet that excludes meat. Other ingredients (vegetables, soy sauce, honey/maple syrup) are generally acceptable for vegetarians, but the presence of chicken makes it non-vegetarian.",HIGH,True
Whole30 comfort food that actually comforts,whole30,"Let's make a delightful **Creamy Chicken and Cauliflower Mash**—a perfect Whole30 comfort food that is hearty, creamy, and satisfying without any dairy or grains. This dish serves 2 people and will warm you up from the inside out.

### Ingredients:
- 2 boneless, skinless chicken breasts
- 1 medium cauliflower head, chopped into florets
- 2 cloves garlic, minced
- 2 tablespoons olive oil
- 1 cup unsweetened coconut milk (full-fat)
- 1 teaspoon dried thyme (or fresh if available)
- Salt and pepper to taste
- Fresh parsley or chives for garnish (optional)

### Instructions:

1. **Prepare the Chicken:**
   - Pat the chicken breasts dry with paper towels.
   - Season both sides generously with salt, pepper, and half of the thyme.
   - Heat 1 tablespoon of olive oil in a large skillet over medium heat.
   - Once hot, add the chicken breasts and cook for about 6-7 minutes per side, or until golden brown and cooked through (internal temperature should reach 165°F).
   - Remove the chicken from the skillet and set aside to rest.

2. **Make the Cauliflower Mash:**
   - While the chicken cooks, bring a large pot of water to a boil.
   - Add the cauliflower florets and a pinch of salt.
   - Cook until very tender, about 10-12 minutes.
   - Drain the cauliflower well and transfer to a blender or use an immersion blender in the pot.

3. **Blend the Cauliflower:**
   - Add the minced garlic, coconut milk, remaining thyme, and a pinch of salt and pepper to the cauliflower.
   - Blend until smooth and creamy. Taste and adjust seasoning if needed.
   - If the mash is too thick, add a little more coconut milk to reach your desired consistency.

4. **Assemble and Serve:**
   - Slice the rested chicken breasts.
   - Plate the cauliflower mash and top with sliced chicken.
   - Garnish with chopped fresh parsley or chives for extra flavor.
   
Enjoy your warm, comforting Whole30 Creamy Chicken with Cauliflower Mash! This dish is perfect for a cozy dinner that feels indulgent but aligns with Whole30 guidelines.",True,,56_1,56,PASS,"All ingredients and methods align with Whole30 guidelines: chicken, cauliflower, garlic, olive oil, herbs, and spices are compliant. The recipe uses unsweetened full-fat coconut milk for creaminess instead of dairy, and includes no grains, legumes, dairy, added sugars, alcohol, or processed ingredients. Cooking methods are simple and compliant. Note: ensure the coconut milk is unsweetened and free of non-compliant additives (e.g., carrageenan, sulfites).",HIGH,True
I'm flexitarian leaning vegan,vegan,"Great choice! Here's a delicious and hearty Vegan Chickpea & Spinach Curry perfect for a flexitarian diet. It’s flavorful, nutritious, and satisfying for two servings.

**Vegan Chickpea & Spinach Curry**

**Ingredients:**
- 1 tablespoon olive oil
- 1 medium onion, finely chopped
- 3 cloves garlic, minced
- 1-inch piece fresh ginger, grated
- 1 teaspoon ground cumin
- 1 teaspoon ground coriander
- 1/2 teaspoon turmeric powder
- 1/2 teaspoon paprika (optional for a smoky flavor)
- 1 can (15 oz) chickpeas, drained and rinsed
- 1 can (14 oz) diced tomatoes
- 1/2 cup coconut milk (or any plant-based milk for creaminess)
- 3 cups fresh spinach leaves
- Salt and pepper to taste
- Fresh cilantro for garnish (optional)
- Cooked rice or naan for serving

**Steps:**

1. **Prepare your ingredients:** Finely chop the onion, mince the garlic, and grate the ginger. Rinse the chickpeas under cold water and drain.

2. **Cook the aromatics:** Heat 1 tablespoon of olive oil in a large skillet or saucepan over medium heat. Add the chopped onion and cook for 5-7 minutes until translucent and fragrant, stirring occasionally.

3. **Add the spices:** Stir in the minced garlic, grated ginger, cumin, coriander, turmeric, and paprika. Cook for 1-2 minutes, until the spices are fragrant, stirring constantly to prevent burning.

4. **Add the chickpeas and tomatoes:** Pour in the drained chickpeas and diced tomatoes (with their juice). Stir well to combine everything. Bring the mixture to a gentle simmer.

5. **Simmer:** Reduce the heat to low, add the coconut milk, and stir to blend. Cover and let it simmer for 10-15 minutes, allowing the flavors to meld and the sauce to thicken slightly.

6. **Add the spinach:** Stir in the fresh spinach leaves. Cook for another 2-3 minutes until the spinach wilts and turns bright green.

7. **Season:** Taste and adjust with salt and pepper as needed.

8. **Serve:** Spoon the curry over hot cooked rice or serve with warm naan bread. Garnish with fresh cilantro if desired.

This dish is rich in protein, vitamins, and flavor. It’s perfect for a cozy dinner for two with simple ingredients. Enjoy!",True,,49_35,49,FAIL,"The core curry ingredients are fully plant-based (chickpeas, tomatoes, spinach, spices, olive oil, coconut or other plant milk), which align with a vegan diet. However, the serving suggestion includes 'naan' without specifying vegan naan. Traditional naan commonly contains dairy (yogurt, milk, ghee) and sometimes egg, which is not vegan. Because the recipe suggests a potentially non-vegan accompaniment without clarification, it does not clearly adhere to the vegan restriction.",HIGH,True
Vegetarian curry but I don't eat onions or garlic for religious reasons,vegetarian,"Absolutely! Here's a flavorful **Chickpea and Vegetable Coconut Curry** that omits onions and garlic, yet is rich in taste and satisfying. It serves two people.

### Ingredients:
- 1 can (15 oz) chickpeas, drained and rinsed
- 1 medium carrot, diced
- 1 bell pepper (any color), diced
- 1 zucchini, sliced
- 1 can (13.5 oz) coconut milk
- 1 tablespoon olive oil
- 1 teaspoon ground turmeric
- 1 teaspoon ground cumin
- 1 teaspoon smoked paprika
- 1 teaspoon curry powder
- Salt and pepper to taste
- Fresh cilantro for garnish (optional)
- 1 cup cooked rice or naan for serving

---

### Instructions:

1. **Prepare the vegetables:**  
   Peel and dice the carrot, chop the bell pepper into bite-sized pieces, and slice the zucchini.

2. **Heat the oil:**  
   In a large skillet or saucepan, heat the olive oil over medium heat until shimmering.

3. **Add spices:**  
   Stir in the turmeric, cumin, smoked paprika, and curry powder. Let them cook for about 30 seconds to release their aroma, stirring constantly to prevent burning.

4. **Cook the vegetables:**  
   Add the diced carrots, bell peppers, and zucchini to the pan. Stir well to coat them with the spices. Sauté for about 5-7 minutes until the vegetables begin to soften.

5. **Add chickpeas and coconut milk:**  
   Stir in the drained chickpeas and pour in the coconut milk. Mix everything thoroughly.

6. **Simmer:**  
   Bring the mixture to a gentle simmer. Reduce the heat to low, cover, and let it cook for about 10 minutes, stirring occasionally. The vegetables will become tender, and the flavors will meld.

7. **Finalize and serve:**  
   Season with salt and pepper to taste. If desired, garnish with fresh cilantro. Serve hot over cooked rice or with naan bread.

---

Enjoy your hearty, onion-and-garlic-free vegetarian curry! Would you like a different type of dish next?",True,,16_19,16,PASS,"The recipe contains only plant-based ingredients (chickpeas, vegetables, coconut milk, olive oil, spices) and no meat, fish, or seafood. Optional sides (rice or naan) are vegetarian; naan may include dairy or eggs, which are allowed in a vegetarian diet. No animal broths or non-vegetarian additives are used. It also honors the no onion/garlic request, though the evaluation is strictly for vegetarian compliance.",HIGH,True
I'm diabetic but I want to make a fruit cake for Christmas. My grandmother's recipe has tons of sugar and dried fruit but it's tradition and I can't just skip it this year. Is there any way to modify it so I can still participate in the family tradition without spiking my blood sugar?,diabetic-friendly,"Absolutely, you can enjoy a healthier, diabetic-friendly version of your grandmother’s fruit cake by making some thoughtful substitutions. Here’s a delicious, moist, and flavorful **Low-Sugar Fruit Cake for Two** that honors tradition while keeping blood sugar in check.

### Ingredients:
- 1/2 cup chopped mixed dried fruits (opt for unsweetened dried cherries, cranberries, or apricots)
- 1/4 cup chopped walnuts or pecans
- 2 tbsp unsweetened applesauce
- 2 tbsp coconut flour
- 1 large egg
- 1/4 cup almond flour
- 1/4 cup water or unsweetened almond milk
- 1 tsp vanilla extract
- 1/2 tsp cinnamon
- 1/4 tsp ginger powder
- 1/4 tsp nutmeg
- Optional: a splash of rum flavor or vanilla for aroma

### Instructions:

1. **Preheat your oven** to 350°F (175°C). Grease or line a small loaf pan or two ramekins with parchment paper for easy removal.

2. **Soften the dried fruits** by soaking them in warm water or a splash of rum flavor (if avoiding alcohol, just warm water) for about 10 minutes, then drain well.

3. In a **medium mixing bowl**, whisk together the egg, unsweetened applesauce, vanilla extract, cinnamon, ginger, and nutmeg until well combined.

4. **Add the dry ingredients**: almond flour and coconut flour, gradually whisking to avoid lumps.

5. **Stir in the dried fruits** and chopped nuts until evenly distributed throughout the batter.

6. **Pour the batter** into your prepared pan(s), smoothing the top with a spatula.

7. **Bake** for about 25-30 minutes, or until a toothpick inserted into the center comes out clean.

8. **Cool** in the pan for 10 minutes, then transfer to a wire rack to cool completely.

### Serving:
Slice and serve a small piece for two people. This cake pairs wonderfully with unsweetened Greek yogurt or a hot herbal tea for a cozy holiday treat.

Enjoy this healthier, festive twist on a classic! Would you like suggestions on sugar substitutes or toppings?",True,,22_24,22,FAIL,"Positive points: The recipe avoids added sugar and refined flour, uses almond/coconut flour (lower carb, higher fiber), includes nuts and eggs (fat/protein to slow absorption), and suggests unsweetened ingredients. However, it still relies heavily on concentrated sugars from dried fruit (1/2 cup total) and applesauce (2 tbsp). Even unsweetened dried fruits like apricots or cherries are high in natural sugars; 1/4 cup often provides ~18–25 g carbs, so each serving (half the cake) could deliver ~25–35 g carbs just from fruit, plus applesauce and flours, bringing the total per serving into a range that can easily spike blood sugar for many people. Additionally, most dried cranberries on the market are sweetened; if used, carbs would be even higher. The recipe does not provide carb counts or strong portion control beyond “for two,” and it doesn’t use low-glycemic sweeteners to replace fruit sugars. Given the goal of diabetic-friendly (low GI, controlled carbs), this version is not reliably suitable.",MEDIUM,True
I want a cheeseburger but I'm dairy-free and vegetarian. I know this sounds impossible but I'm really craving the taste and texture of a classic American cheeseburger and I haven't had one in 3 years since I went vegetarian and developed lactose intolerance,vegetarian,"Absolutely, you can enjoy a delicious dairy-free and vegetarian cheeseburger that captures the classic flavors and textures you crave! Here's a recipe for a **Vegan Black Bean & Mushroom ""Cheeseburger""** that serves 2. It uses hearty beans and savory mushrooms as the base, topped with a dairy-free cheese and fresh toppings.

### Ingredients:
- 1 can (15 oz) black beans, drained and rinsed
- 1 cup finely chopped mushrooms (button or cremini)
- 1 small onion, finely chopped
- 2 cloves garlic, minced
- 1/2 cup grated carrot (optional, for added sweetness)
- 1/2 cup cooked quinoa or oats (for binding)
- 1 teaspoon smoked paprika
- 1 teaspoon ground cumin
- Salt and pepper to taste
- 2 tablespoons olive oil
- 4 slices dairy-free cheese (such as cashew-based or soy-based)
- 2 burger buns (look for dairy-free options)
- Lettuce, tomato slices, pickles, and red onion slices for toppings
- Ketchup, mustard, or vegan mayo for condiments

### Instructions:

1. **Prepare the ""Meat"" Mix:**
   - In a large bowl, mash the black beans with a fork until mostly smooth but still slightly chunky.
   - In a skillet, heat 1 tablespoon of olive oil over medium heat. Add chopped onions and cook for 3-4 minutes until translucent.
   - Add the chopped mushrooms and cook for about 5 minutes until they release moisture and soften.
   - Add minced garlic, smoked paprika, cumin, salt, and pepper; cook for another minute until fragrant.
   - Transfer the sautéed vegetables to the bowl with mashed beans. Mix in grated carrot and cooked quinoa/oats for binding. Let sit for 5 minutes.

2. **Form the Patties:**
   - Divide the mixture into two equal portions and shape each into a patty about the size of your burger buns.
   - If the mixture feels too loose, add a little more oats or quinoa to firm it.

3. **Cook the Patties:**
   - Wipe the skillet and heat the remaining 1 tablespoon of olive oil over medium heat.
   - Carefully place the patties in the skillet and cook for about 4-5 minutes on each side until they develop a nice crust and are heated through.

4. **Add the Cheese & Assemble:**
   - During the last minute of cooking, place a slice of dairy-free cheese on each patty to melt slightly.
   - Toast the burger buns lightly if desired.
   - Spread your preferred condiments on the buns and layer with lettuce, tomato slices, pickles, and red onion.
   - Place the cooked patties on the buns, top with additional condiments if desired, and cover with the top bun.

### Serve:
Enjoy your warm, flavorful dairy-free vegetarian cheeseburgers! This recipe makes 2 hearty servings.

Would you like a side dish idea to go with it?",True,,24_17,24,PASS,"The recipe uses only plant-based ingredients (black beans, mushrooms, onion, garlic, carrots, quinoa/oats, spices, olive oil, dairy-free cheese, buns, vegetables, and vegan condiments). There is no meat or fish present. While vegetarian diets can include dairy and eggs, this recipe is fully vegan, which still adheres to vegetarian standards.",HIGH,True
Vegetarian pizza but I don't like mushrooms or bell peppers,vegetarian,"Certainly! Here's a delicious vegetarian pizza recipe that avoids mushrooms and bell peppers, focusing on fresh and flavorful ingredients.

**Vegetarian Roasted Veggie and Goat Cheese Pizza** (Serves 2)

**Ingredients:**
- 1 pre-made pizza dough (or homemade if you prefer)
- 1/4 cup olive oil
- 2 cloves garlic, minced
- 1 small zucchini, thinly sliced
- 1 small red onion, thinly sliced
- 1 cup cherry tomatoes, halved
- 1/2 cup black olives, pitted and sliced
- 1/2 cup crumbled goat cheese or feta
- Fresh basil leaves for garnish
- Salt and pepper to taste
- Optional: red pepper flakes for a bit of heat

**Steps:**

1. **Preheat Your Oven:** Set your oven to 475°F (245°C). Place a pizza stone or baking sheet inside to heat up.

2. **Prepare the Veggies:** In a bowl, toss the zucchini, red onion, and cherry tomatoes with 1 tablespoon of olive oil, half of the minced garlic, salt, and pepper. Spread the vegetables evenly on a baking sheet and roast for about 10-12 minutes, until slightly tender and caramelized.

3. **Roll Out the Dough:** While the vegetables are roasting, roll out your pizza dough on a lightly floured surface into a circle about 12 inches in diameter.

4. **Assemble the Pizza:** Carefully remove the hot pizza stone or baking sheet from the oven. Transfer your rolled-out dough onto a piece of parchment paper (for easy transfer). Brush the surface with the remaining olive oil and minced garlic.

5. **Layer the Toppings:** Evenly spread the roasted vegetables over the dough. Scatter black olives over the top, then sprinkle the crumbled goat cheese.

6. **Bake:** Transfer the parchment paper and pizza onto the hot baking stone or sheet. Bake for 10-15 minutes, or until the crust is golden and crispy, and the cheese is slightly toasted.

7. **Finish and Serve:** Once baked, garnish with fresh basil leaves and a pinch of red pepper flakes if desired. Slice and serve warm.

Enjoy your vibrant vegetarian roasted veggie and goat cheese pizza—deliciously satisfying without mushrooms or bell peppers!",True,,5_18,5,PASS,"The recipe contains no meat or fish and uses dairy (goat cheese or feta), which is permitted under the provided vegetarian definition. Ingredients include pizza dough, olive oil, garlic, zucchini, red onion, cherry tomatoes, black olives, goat cheese/feta, and basil. The preparation method (roasting and baking) doesn’t introduce any non-vegetarian elements. While some cheeses can use animal rennet, the given definition allows dairy without specifying rennet restrictions, so this remains acceptable. It also honors the user's preference to avoid mushrooms and bell peppers.",HIGH,True
Low-carb dinner that doesn't require any cooking skills,low-carb,"Sure! Here's a simple and delicious low-carb dinner that requires no cooking skills: **Stuffed Avocado Boats**. It's quick, fresh, and perfect for a light, healthy meal for two.

### Ingredients:
- 2 large ripe avocados
- 1 cup canned tuna or cooked chicken, shredded (if you prefer vegetarian, substitute with crumbled feta or mozzarella)
- 1/4 cup mayonnaise or Greek yogurt
- 1 tablespoon Dijon mustard (optional)
- 1 small celery stalk, finely chopped
- 1 small red onion, finely diced
- Salt and pepper to taste
- Fresh lemon or lime juice (from half a lemon/lime)
- Fresh herbs like parsley or dill for garnish (optional)

### Instructions:
1. **Prepare the avocados:** Cut each avocado in half lengthwise, removing the pit carefully. Using a spoon, gently scoop out some of the avocado flesh from each half to create a larger cavity. Keep the scooped-out flesh for mixing.

2. **Make the filling:** In a small bowl, combine the shredded tuna or chicken, mayonnaise or Greek yogurt, Dijon mustard (if using), chopped celery, diced red onion, and the reserved avocado flesh (chopped into small pieces). Mix well to create a creamy filling.

3. **Season:** Add a squeeze of fresh lemon or lime juice to the mixture for flavor and to prevent browning. Season with salt and pepper to taste. Stir again.

4. **Stuff the avocados:** Carefully spoon the filling into each avocado half, dividing it evenly.

5. **Serve:** Garnish with chopped fresh herbs if desired. Serve immediately for the freshest taste.

### Serving size:
- This recipe makes 2 avocado halves, serving 2 people as a light main.

Enjoy your healthy, no-cook low-carb dinner!",True,,36_17,36,PASS,"The recipe relies on low-carb, high-fat/protein ingredients (avocado, tuna/chicken, mayo, cheese). Primary carbohydrate sources are limited: avocado (~2–4g net per half), small amounts of red onion and celery, Dijon, and lemon/lime juice—all minimal per serving. Using mayonnaise or unsweetened Greek yogurt keeps carbs low; cheese substitutes (feta/mozzarella) are also low-carb. No grains, starchy vegetables, or added sugars are included. Note: choose unsweetened yogurt and no-sugar-added mayo/mustard to maintain low carb.",HIGH,True
Paleo spaghetti and meatballs,paleo,"Certainly! Here's a delicious Paleo Spaghetti and Meatballs recipe designed for 2 servings.

**Ingredients:**

*For the Meatballs:*
- 1 pound ground beef (preferably grass-fed)
- 1 small onion, finely chopped
- 2 cloves garlic, minced
- 1 tablespoon compliant tomato paste or be cautious with added ingredients
- 1 teaspoon dried oregano
- 1 teaspoon dried basil
- 1/2 teaspoon sea salt
- 1/4 teaspoon black pepper
- 1 large egg (or 1 flax egg for paleo)
- 1 tablespoon olive oil (for cooking)

*For the ""Spaghetti"":*
- 2 large zucchinis
- 1 tablespoon olive oil
- Salt to taste

*For the Sauce:*
- 1 can (14 oz) diced tomatoes, no added sugar or preservatives
- 2 cloves garlic, minced
- 1 teaspoon dried oregano
- 1 teaspoon dried basil
- 1 tablespoon olive oil
- Salt and pepper to taste
- Fresh basil or parsley for garnish (optional)

---

**Instructions:**

1. **Prepare the Zucchini Noodles (""Spaghetti"")**
   - Using a spiralizer, cut the zucchinis into long, thin noodles. If you don't have a spiralizer, you can use a julienne peeler or a regular peeler to create 'ribbons.'
   - Toss the zucchini noodles with 1 tablespoon olive oil and a pinch of salt. Set aside.

2. **Make the Meatballs**
   - In a large mixing bowl, combine the ground beef, finely chopped onion, minced garlic, oregano, basil, salt, pepper, and egg.
   - Mix thoroughly with clean hands until all ingredients are evenly incorporated.
   - Shape the mixture into 4-6 small meatballs, roughly the size of a golf ball.
   - Heat 1 tablespoon of olive oil in a skillet over medium heat.
   - Add the meatballs to the skillet and cook for about 8-10 minutes, turning occasionally, until browned on all sides and cooked through. Remove and set aside.

3. **Prepare the Tomato Sauce**
   - In the same skillet, add 1 tablespoon olive oil and minced garlic, cooking over medium heat until fragrant (about 30 seconds).
   - Add the diced tomatoes, oregano, basil, salt, and pepper.
   - Reduce heat to low and simmer gently for about 10-15 minutes, stirring occasionally.
   - Taste and adjust seasoning as needed.

4. **Cook the Zucchini Noodles**
   - While the sauce simmers, heat a separate skillet over medium heat.
   - Add the zucchini noodles and cook for 2-3 minutes, stirring gently, until slightly softened. Do not overcook; they should remain tender and not mushy.

5. **Assemble the Dish**
   - Place the zucchini noodles on plates.
   - Top with meatballs and spoon the warm tomato sauce over everything.
   - Garnish with freshly chopped basil or parsley if desired.

---

**Serving Size:** 2 servings

Enjoy your hearty, healthy Paleo spaghetti and meatballs—full of flavor and perfect for a quick, wholesome meal!",True,,58_33,58,PASS,"The recipe avoids grains, legumes, dairy, refined sugar, and processed additives, aligning with Paleo guidelines. Ingredients include grass-fed ground beef, egg (Paleo-allowed) or flax egg (also acceptable), zucchini noodles, olive oil, onions, garlic, herbs, sea salt, pepper, and canned/diced tomatoes with a note to choose no-added-sugar/preservative versions. Tomato paste is specified as compliant, which is important for Paleo. Cooking methods are straightforward and use whole-food ingredients. No non-Paleo items (grains, legumes, dairy, refined sugars) are present.",HIGH,True
Halal pasta recipe - is that even a thing?,halal,"Absolutely! Halal pasta recipes are very popular and easy to prepare, adhering to halal dietary guidelines. Here's a delicious and simple recipe for **Garlic Parmesan Chicken Pasta** that serves 2 people:

### **Garlic Parmesan Chicken Pasta**

#### Ingredients:
- 200g (about 7 oz) pasta (penne or spaghetti works well)
- 2 boneless, skinless chicken breasts
- 3 cloves garlic, minced
- 2 tablespoons olive oil
- 1/2 cup grated Parmesan cheese
- 1 cup heavy cream or full-fat milk (if you prefer a lighter version)
- Salt and freshly ground black pepper to taste
- 1 teaspoon dried Italian herbs (or oregano and basil)
- Fresh parsley, chopped (for garnish)

#### Instructions:
1. **Cook the pasta:** Bring a large pot of salted water to a boil. Add the pasta and cook according to package instructions until al dente. Drain and set aside.

2. **Prepare the chicken:** While the pasta cooks, season the chicken breasts with salt, pepper, and Italian herbs on both sides.

3. **Cook the chicken:** Heat 1 tablespoon of olive oil in a large skillet over medium heat. Add the chicken breasts and cook for about 6-7 minutes on each side, or until golden brown and fully cooked through. Remove from the pan, let rest for a couple of minutes, then slice into strips.

4. **Make the sauce:** In the same skillet, add the remaining tablespoon of olive oil and minced garlic. Sauté for about 30 seconds until fragrant. Pour in the heavy cream and bring to a gentle simmer. Stir in the grated Parmesan cheese until melted and smooth. Season with a pinch of salt and pepper.

5. **Combine:** Add the cooked pasta and chicken slices into the skillet with the sauce. Toss everything together until well coated and heated through. If the sauce is too thick, add a splash of pasta water to loosen.

6. **Serve:** Plate the pasta, garnish with chopped parsley, and sprinkle a little extra Parmesan if desired.

### **Enjoy your flavorful halal garlic Parmesan chicken pasta!** It’s perfect for a comforting dinner for two.",True,,28_13,28,FAIL,"While the recipe avoids pork and alcohol, it does not clearly meet halal requirements because: (1) the chicken is not specified as halal-slaughtered, which is required; and (2) Parmesan cheese traditionally uses animal rennet from non-halal sources, making it non-halal unless specifically halal-certified or made with microbial/vegetarian rennet. Without these specifications, the recipe does not clearly adhere to halal guidelines.",HIGH,True
Halal BBQ recipe for summer,halal,"Here's a delicious and juicy **Halal BBQ Chicken Skewers** recipe perfect for summer! Tender marinated chicken pieces are grilled to perfection, offering smoky, flavorful bites. Serves 2.

### Ingredients:
- 2 boneless, skinless chicken breasts (about 1 pound), cut into 1.5-inch cubes
- 2 tablespoons plain yogurt
- 1 tablespoon olive oil
- 2 cloves garlic, minced
- 1 teaspoon ground cumin
- 1 teaspoon smoked paprika
- 1 teaspoon ground coriander
- ½ teaspoon turmeric powder
- ½ teaspoon paprika (for extra color)
- ½ teaspoon chili powder (adjust to taste)
- Juice of 1 lemon
- Salt and black pepper to taste
- Wooden or metal skewers

### Instructions:

1. **Prepare the Marinade:**
   - In a bowl, whisk together the yogurt, olive oil, minced garlic, cumin, smoked paprika, coriander, turmeric, chili powder, lemon juice, salt, and pepper until well combined.
   
2. **Marinate the Chicken:**
   - Add the chicken cubes to the marinade, ensuring each piece is coated thoroughly.
   - Cover with plastic wrap and refrigerate for at least 2 hours, ideally up to 4 hours for maximum flavor.

3. **Preheat the Grill:**
   - Heat your grill to medium-high heat (around 400°F/200°C). If using charcoal, let the coals turn gray before grilling.

4. **Skewer the Chicken:**
   - Thread the marinated chicken pieces onto the skewers, leaving a little space between each piece for even cooking.

5. **Grill the Skewers:**
   - Place the skewers on the grill. Cook for about 12-15 minutes, turning every 3-4 minutes to ensure even charring. The chicken should be cooked through and have nice grill marks.

6. **Serve:**
   - Remove the skewers from the grill, let rest for a few minutes, then serve hot with grilled vegetables, warm flatbread, or a fresh salad.

Enjoy your flavorful Halal BBQ Chicken Skewers, perfect for a summer gathering!",True,,54_14,54,PASS,"The recipe contains only halal-appropriate ingredients: chicken, yogurt, olive oil, spices, lemon, salt, and pepper. There is no pork, alcohol, or shellfish, and the cooking method (grilling) is permissible. To fully meet halal requirements, the chicken should be halal-certified (properly slaughtered), and it’s prudent to use halal-certified yogurt/spices and avoid cross-contamination on the grill. While the recipe doesn’t explicitly state halal-certified sourcing, the ingredients and method are inherently compatible with halal when sourced appropriately.",MEDIUM,True
Vegetarian pizza but I don't like mushrooms or bell peppers,vegetarian,"Certainly! Here's a delicious vegetarian pizza recipe without mushrooms or bell peppers, perfect for 2 servings.

**Vegetarian Roasted Veggie and Feta Pizza**

**Ingredients:**
- 1 pre-made pizza dough (about 12 inches diameter)
- 1/2 cup marinara or tomato sauce
- 1 cup shredded mozzarella cheese
- 1/2 cup crumbled feta cheese
- 1 small zucchini, thinly sliced
- 1 small red onion, thinly sliced
- 1 small cherry tomato, halved
- 2 tablespoons olive oil
- 1 teaspoon dried oregano
- 1 teaspoon dried basil
- Salt and freshly ground black pepper to taste
- Optional: fresh basil leaves for garnish

**Instructions:**

1. **Preheat your oven** to 450°F (230°C). If you have a pizza stone, place it in the oven to heat; otherwise, a baking sheet will work.

2. **Prepare the veggies:** 
   - Toss the sliced zucchini, red onion, and cherry tomatoes with 1 tablespoon of olive oil, a pinch of salt, pepper, oregano, and basil.
   
3. **Roast the veggies:** 
   - Spread the seasoned vegetables evenly on a baking sheet.
   - Roast in the oven for about 10-12 minutes until slightly softened and slightly caramelized. This step adds depth of flavor.

4. **Assemble the pizza:** 
   - On a floured surface, roll out the pizza dough into a 12-inch circle.
   - Transfer the dough onto a parchment-lined baking sheet or preheated pizza stone.
   - Spread the marinara sauce evenly over the dough, leaving about 1 inch around the edges.
   - Sprinkle the shredded mozzarella evenly over the sauce.
   - Distribute the roasted veggies over the cheese.
   - Sprinkle the crumbled feta cheese on top.

5. **Bake:** 
   - Place the pizza in the oven and bake for 12-15 minutes, or until the crust is golden and crisp, and the cheese is bubbly.

6. **Finish and serve:** 
   - Remove the pizza from the oven.
   - Optionally, garnish with fresh basil leaves.
   - Slice and serve hot!

Enjoy your flavorful vegetarian roasted veggie and feta pizza!",True,,5_38,5,PASS,"The recipe contains no meat or fish and uses dairy (mozzarella, feta), which is allowed for a vegetarian diet per the provided definition. All other ingredients (pizza dough, marinara, vegetables, herbs, olive oil) are vegetarian. No cooking methods introduce non-vegetarian elements. Although some cheeses can be made with animal rennet, the definition given allows dairy without specifying rennet concerns, and the recipe does not otherwise violate vegetarian rules.",HIGH,True
I'm pescatarian but shellfish makes me sick,pescatarian,"Great! Here's a delicious and simple recipe: **Lemon-Garlic Baked Cod with Roasted Vegetables**. It serves 2 and is perfect for a light, nutritious pescatarian meal without shellfish.

### Ingredients:
- 2 cod fillets (about 6 oz each)
- 1 lemon (zested and juiced)
- 3 cloves garlic, minced
- 2 tablespoons olive oil
- Salt and freshly ground black pepper
- 1 teaspoon dried oregano or thyme
- 1 cup cherry tomatoes
- 1 zucchini, sliced
- 1 bell pepper (red or yellow), sliced
- 1 small red onion, sliced
- Fresh parsley for garnish (optional)

### Instructions:

1. **Preheat your oven** to 400°F (200°C). Line a baking sheet with parchment paper for easy cleanup.

2. **Prepare the marinade:** In a small bowl, combine the lemon zest and juice, minced garlic, olive oil, salt, pepper, and dried oregano or thyme.

3. **Marinate the cod:** Pat the cod fillets dry with paper towels. Place them on a plate and brush or spoon the marinade over each fillet, ensuring they are well coated. Let them sit while you prepare the vegetables.

4. **Prepare the vegetables:** In a large mixing bowl, toss cherry tomatoes, zucchini slices, bell pepper slices, and red onion with a tablespoon of olive oil, salt, and pepper.

5. **Arrange on the baking sheet:** Spread the seasoned vegetables evenly on one side of the prepared baking sheet. Place the marinated cod fillets on the other side.

6. **Bake:** Put the baking sheet in the preheated oven. Bake for about 15-20 minutes, or until the cod is opaque and flakes easily with a fork. The vegetables should be tender and slightly caramelized.

7. **Serve:** Plate the baked cod alongside the roasted vegetables. Garnish with chopped fresh parsley and an extra squeeze of lemon if desired.

Enjoy your light, flavorful meal! It pairs well with a simple side of brown rice or a green salad.",True,,55_18,55,PASS,"The recipe uses cod (a finfish) as the protein and contains no meat, poultry, or shellfish. All other ingredients (lemon, garlic, olive oil, herbs, tomatoes, zucchini, bell pepper, red onion, parsley) are plant-based and compatible with a pescatarian diet. The suggested sides (brown rice or green salad) are also pescatarian-friendly. No preparation methods or hidden ingredients (e.g., meat stocks, gelatin) violate the restriction. This also respects the user's shellfish sensitivity by not including shellfish.",HIGH,True
Sugar-free dessert that doesn't taste like sadness,sugar-free,"Absolutely! I recommend trying a **Baked Apple Cinnamon Dessert**—a warm, comforting treat that is naturally sweetened with the apples' own juices and a touch of cinnamon. It's sugar-free, full of flavor, and perfect for satisfying your sweet tooth without feeling like ""sadness."" Here's how to prepare it:

### Baked Apple Cinnamon Dessert (serves 2)

#### Ingredients:
- 2 large crisp apples (such as Fuji, Honeycrisp, or Gala)
- 1 teaspoon ground cinnamon
- 1/4 teaspoon ground nutmeg (optional)
- 1 teaspoon vanilla extract
- 2 tablespoons chopped nuts (walnuts or pecans) – optional
- 2 teaspoons unsalted butter or coconut oil
- A handful of fresh berries (like blueberries or raspberries) for garnish – optional

#### Instructions:

1. **Preheat your oven** to 375°F (190°C). This ensures it's hot enough to bake the apples evenly.

2. **Prepare the apples:** Using a peeling or coring tool, carefully remove the core from each apple, creating a cavity in the center. If you prefer, you can slice the apples into rings or halves, but cored whole apples look more like a classic baked dessert.

3. **Season the apples:** Mix the cinnamon, nutmeg (if using), and vanilla extract in a small bowl. Rub this mixture all over the apples, ensuring they’re well coated. If you like, fill the cavity with chopped nuts for added texture.

4. **Add butter:** Place a small teaspoon of butter or coconut oil into the cavity or on top of each apple to enhance richness and moisture.

5. **Arrange in a baking dish:** Place the prepared apples upright in a baking dish, cut side up. Pour a small amount of water (about 1/4 cup) into the dish to help keep the apples moist.

6. **Bake:** Cover the dish loosely with foil and bake for about 30-35 minutes, or until the apples are tender when pierced with a fork. The aroma of cinnamon and baked apple will fill your kitchen!

7. **Serve:** Carefully transfer the baked apples to plates. Optionally, garnish with fresh berries or a dollop of unsweetened Greek yogurt for added creaminess.

This dessert is warm, naturally sweet from the apples, and rich in cozy spices—definitely not sad! It's delightful on its own or with a scoop of sugar-free ice cream or Greek yogurt. Enjoy!",True,,37_7,37,FAIL,"The recipe contains high-sugar ingredients despite having no added sugar. Apples are naturally high in sugar and are the primary ingredient, and the optional fresh berries also contribute significant natural sugars. The description explicitly relies on the apples' natural sweetness. Under the provided definition ('No added sugars or high-sugar ingredients'), this violates sugar-free. Optional unsweetened Greek yogurt also contains natural sugars (lactose), though the main issue is the apples.",HIGH,True
Vegetarian protein that isn't beans - I hate beans,vegetarian,"Let's try a delicious Sweet Potato and Lentil Curry! It's packed with plant-based protein from lentils, and sweet potatoes add natural sweetness and depth. Plus, it’s entirely vegetarian and perfect for 2 servings.

**Sweet Potato and Lentil Curry**

**Ingredients:**
- 1 large sweet potato, peeled and diced into 1-inch cubes
- 1 cup dried red lentils, rinsed thoroughly
- 1 onion, finely chopped
- 2 cloves garlic, minced
- 1-inch piece of fresh ginger, grated
- 1 can (14 oz) diced tomatoes
- 2 cups vegetable broth or water
- 1 teaspoon ground cumin
- 1 teaspoon ground coriander
- 1 teaspoon turmeric powder
- 1/2 teaspoon chili powder (optional, for heat)
- Salt and pepper to taste
- 2 tablespoons olive oil
- Fresh cilantro for garnish (optional)
- Serve with rice or naan

**Steps:**

1. **Prepare the base:** Heat the olive oil in a large pot over medium heat. Once hot, add the chopped onion. Sauté for about 5 minutes until it becomes translucent and fragrant.

2. **Add spices and aromatics:** Stir in the minced garlic, grated ginger, cumin, coriander, turmeric, and chili powder (if using). Cook for another minute, stirring constantly to toast the spices slightly and release their aroma.

3. **Cook the sweet potatoes:** Add the diced sweet potatoes to the pot, stirring to coat them with the spice mixture. Cook for 3-4 minutes, allowing them to start softening.

4. **Add liquids and lentils:** Pour in the diced tomatoes with their juice and the vegetable broth. Bring to a boil, then add the rinsed lentils. Stir well, reduce heat to low, and cover the pot.

5. **Simmer:** Let the curry simmer gently for about 25-30 minutes, or until the sweet potatoes are tender and the lentils are cooked through. Stir occasionally and check the liquid level; if it gets too thick, add a splash more broth or water.

6. **Final seasoning:** Taste and adjust salt and pepper as needed. If you like it spicier, add a pinch of chili flakes.

7. **Serve:** Ladle the curry into bowls, garnish with fresh cilantro if desired, and serve hot with rice or warm naan bread.

Enjoy this hearty, protein-rich vegetarian dish perfect for a satisfying lunch or dinner!",True,,57_4,57,PASS,"The recipe contains no meat or fish and uses only plant-based ingredients (sweet potatoes, lentils, onion, garlic, ginger, tomatoes, vegetable broth, spices, olive oil). Serving suggestions (rice or naan) are compatible with vegetarian diets, as dairy and eggs are allowed in vegetarianism. No non-vegetarian ingredients or methods are used.",HIGH,True
I avoid processed foods but I'm lazy,paleo,"Great! I have a simple and wholesome recipe that requires minimal effort: **Garlic Lemon Herb Shrimp**. It's quick, healthy, and perfect for lazy days. Plus, it uses fresh ingredients without processed foods.

### Garlic Lemon Herb Shrimp (Serves 2)

#### Ingredients:
- 200 grams (about 7 oz) raw shrimp, peeled and deveined
- 2 cloves garlic, minced
- 1 tablespoon olive oil
- 1 tablespoon fresh lemon juice
- Zest of ½ lemon
- 1 teaspoon dried oregano or thyme
- Salt and freshly ground black pepper, to taste
- Fresh parsley or cilantro, chopped (optional, for garnish)
- Lemon wedges, for serving

#### Instructions:

1. **Prepare the Shrimp:**
   Rinse the shrimp under cold water and pat dry with paper towels. Place them in a bowl.

2. **Make the Marinade:**
   In a small bowl, combine the minced garlic, olive oil, lemon juice, lemon zest, dried oregano (or thyme), salt, and black pepper. Mix well.

3. **Marinate the Shrimp:**
   Pour the marinade over the shrimp, tossing gently to coat all the pieces evenly. Let it sit for 10-15 minutes while you prep other ingredients or set your table.

4. **Cook the Shrimp:**
   Heat a large skillet over medium heat. Once hot, add the marinated shrimp in a single layer. Cook for about 2-3 minutes per side until they turn pink and are opaque. Be careful not to overcook.

5. **Serve:**
   Remove from heat. Garnish with chopped parsley or cilantro if desired. Serve immediately with lemon wedges on the side.

#### Serving Ideas:
Pair this with steamed vegetables, a simple salad, or whole-grain rice. It’s light, flavorful, and requires minimal prep!

Let me know if you'd like another quick and easy recipe!",True,,46_36,46,FAIL,"The core recipe ingredients and methods are Paleo-compliant: shrimp, garlic, olive oil, lemon, herbs, salt, and pepper, with simple skillet cooking and no grains, legumes, dairy, refined sugar, or processed foods. However, the serving suggestion includes whole-grain rice, which is not allowed on Paleo (grains are excluded). Including a non-Paleo accompaniment in the recipe response violates the dietary restriction.",HIGH,True
I'm on keto but I'm craving something sweet. Help?,keto,"Certainly! Here's a delightful keto-friendly **Chocolate Coconut Fat Bombs** recipe that satisfies your sweet cravings with minimal carbs. These are easy to make, rich in healthy fats, and perfect for a quick treat.

### Ingredients (serves 2):
- 1/4 cup unsweetened shredded coconut
- 2 tbsp coconut oil
- 2 tbsp unsweetened cocoa powder
- 1 tbsp almond butter (or peanut butter if preferred)
- 1 tbsp erythritol or stevia (adjust to taste)
- 1/2 tsp vanilla extract
- Pinch of salt

### Instructions:

1. **Prepare your workspace:** Line a small baking dish or silicone mold with parchment paper for easy removal.

2. **Melt the coconut oil:** In a small saucepan over low heat, gently melt the coconut oil until liquid. Alternatively, you can melt it in the microwave in 20-second bursts, stirring between each.

3. **Mix dry ingredients:** In a mixing bowl, combine the shredded coconut, cocoa powder, erythritol (or stevia), and a pinch of salt. Stir well to distribute evenly.

4. **Combine wet ingredients:** Add the melted coconut oil, almond butter, and vanilla extract to the dry mixture. Stir thoroughly until everything is well combined and forms a thick, uniform mixture.

5. **Form the fat bombs:** Using a spoon or small scoop, portion out the mixture into your prepared mold or dish. Press down lightly to compact each portion.

6. **Chill:** Place in the fridge for at least 30-40 minutes until firm.

7. **Serve:** Once solid, cut into individual pieces if using a dish or pop out of the mold. Store leftovers in an airtight container in the fridge.

### Enjoy your rich, satisfying keto-friendly chocolate coconut fat bombs! Perfect for a quick sweet fix without breaking your keto goals.",True,,15_19,15,PASS,"The recipe uses keto-appropriate, low-carb ingredients: unsweetened shredded coconut, coconut oil, unsweetened cocoa powder, almond butter, and non-nutritive sweeteners (erythritol/stevia). There are no sugars, grains, or high-carb ingredients. Estimated net carbs per serving are low (approx. 2–4g depending on nut butter), fitting keto guidelines. Note: If using peanut butter, choosing a no-added-sugar variety is important to keep carbs minimal.",HIGH,True
Whole30 comfort food that actually comforts,whole30,"I'd recommend starting with a hearty and satisfying **Zucchini Noodle Bolognese** — a Whole30-friendly twist on classic comfort food that’s warm, savory, and nourishing. It’s perfect for two servings and feels like a warm hug in a bowl.

### Zucchini Noodle Bolognese (Serves 2)

#### Ingredients:
- 4 medium zucchinis
- 1 lb ground beef or turkey (preferably grass-fed)
- 1 small onion, finely chopped
- 2 cloves garlic, minced
- 1 large carrot, grated
- 1 can (14 oz) crushed tomatoes (preferably no added sugar)
- 2 tbsp tomato paste
- 1 tsp dried oregano
- 1 tsp dried basil
- 1/2 tsp crushed red pepper flakes (optional)
- 2 tbsp olive oil
- Salt and pepper to taste
- Fresh basil or parsley for garnish (optional)

#### Instructions:

1. **Prepare the Zucchini Noodles:**
   - Wash the zucchinis thoroughly.
   - Using a spiralizer or a julienne peeler, create zucchini noodles (zoodles). Place them in a colander, sprinkle lightly with salt, and let sit for about 10 minutes to drain excess moisture. Gently squeeze out any remaining moisture with paper towels. Set aside.

2. **Cook the Meat:**
   - In a large skillet, heat 1 tablespoon of olive oil over medium heat.
   - Add the chopped onion and cook until translucent, about 3-4 minutes.
   - Stir in the minced garlic and cook for another 30 seconds until fragrant.
   - Add the ground beef or turkey, breaking it apart with a spoon. Cook until browned and cooked through, about 5-7 minutes.
   - Season with salt, pepper, oregano, basil, and red pepper flakes if using.

3. **Make the Bolognese Sauce:**
   - Stir in the grated carrot, tomato paste, and crushed tomatoes.
   - Mix thoroughly, bring to a gentle simmer, and cook for about 10 minutes to let flavors meld. Taste and adjust seasoning if necessary.

4. **Combine and Serve:**
   - Toss the zucchini noodles into the skillet with the Bolognese sauce.
   - Cook for an additional 2-3 minutes until the zoodles are warmed through but still retain some bite.
   - Divide evenly between two bowls.
   - Garnish with fresh basil or parsley if desired.

This meal is rich and comforting without any grains or dairy, packed with vegetables and protein, and perfect for a cozy, Whole30-approved dinner. Enjoy!",True,,56_36,56,PASS,"All ingredients and methods align with Whole30 rules: no grains, dairy, legumes, alcohol, or added sweeteners. Zucchini, ground beef/turkey, onions, garlic, carrots, herbs, and olive oil are compliant. Canned crushed tomatoes and tomato paste are compliant if they contain only tomatoes (and allowed acids like citric acid) with no added sugar; the recipe notes 'no added sugar' for the crushed tomatoes, though it should also apply to the tomato paste. Seasonings used are Whole30-compliant. The dish does not recreate a dessert/junk food (no SWYPO). Ensure ground meat has no non-compliant additives and that canned products have no sugar or sulfites.",HIGH,True
Something that feels indulgent but isn't terrible for me,diabetic-friendly,"Certainly! I recommend trying a **Lemon Herb Grilled Chicken with Quinoa and Roasted Vegetables**. It's flavorful, satisfying, and feels indulgent without being heavy or unhealthy. Perfect for two servings.

### Ingredients:
- 2 boneless, skinless chicken breasts
- 1 cup quinoa
- 1 lemon (zest and juice)
- 2 tablespoons olive oil
- 2 cloves garlic (minced)
- 1 teaspoon dried oregano or thyme
- Salt and freshly ground black pepper
- 1 cup cherry tomatoes
- 1 zucchini, sliced
- 1 red bell pepper, sliced
- Optional: fresh parsley or basil for garnish

### Instructions:

#### Step 1: Marinate the Chicken
1. In a small bowl, combine the lemon zest, lemon juice, 1 tablespoon olive oil, minced garlic, oregano (or thyme), salt, and pepper.
2. Place the chicken breasts in a resealable plastic bag or shallow dish, then pour the marinade over the chicken.
3. Let it marinate in the fridge for at least 30 minutes to an hour for maximum flavor.

#### Step 2: Prepare the Quinoa
1. Rinse the quinoa under cold water using a fine mesh strainer.
2. In a medium saucepan, bring 2 cups of water to a boil. Add a pinch of salt.
3. Stir in the quinoa, reduce heat to low, cover, and simmer for about 15 minutes, or until the water is absorbed and the quinoa is fluffy.
4. Fluff with a fork and set aside.

#### Step 3: Roast the Vegetables
1. Preheat your oven to 400°F (200°C).
2. Toss the cherry tomatoes, zucchini, and red bell pepper slices with 1 tablespoon olive oil, salt, and pepper.
3. Spread them evenly on a baking sheet lined with parchment paper.
4. Roast for about 20 minutes, or until vegetables are tender and slightly caramelized.

#### Step 4: Grill the Chicken
1. Heat a grill or grill pan over medium-high heat.
2. Remove the chicken from the marinade and discard any excess.
3. Grill the chicken for about 6-7 minutes on each side, or until cooked through (internal temperature should reach 165°F/75°C).
4. Let rest for a few minutes, then slice.

#### Step 5: Assemble and Serve
1. Divide the cooked quinoa onto two plates.
2. Top with the sliced grilled chicken.
3. Arrange the roasted vegetables around the chicken and quinoa.
4. Garnish with freshly chopped parsley or basil if desired.
5. Optional: Squeeze a little extra lemon juice over everything for a bright flavor.

Enjoy this wholesome, flavorful meal that feels indulgent with the bright citrus and roasted veggies but is balanced and nourishing!",True,,50_33,50,FAIL,"Most ingredients and methods are appropriate for a diabetic-friendly meal (lean protein, non-starchy vegetables, no added sugars). However, the recipe uses 1 cup dry quinoa for two servings, which typically yields about 3 cups cooked. This amounts to roughly 1.5 cups cooked quinoa per serving (~60g carbs), plus additional carbs from the vegetables, likely pushing the meal to ~65–75g carbs per serving. This exceeds typical diabetic-friendly targets that emphasize controlled carbohydrates (often ~30–60g per meal) and low glycemic impact. The recipe does not provide portion control guidance or lower-carb substitutions, so it does not clearly meet “diabetic-friendly” criteria.",MEDIUM,True
Diabetic-friendly dessert that doesn't use artificial sweeteners,diabetic-friendly,"I recommend trying a **Baked Cinnamon Apples** recipe—delicious, naturally sweet, and perfect for a diabetic-friendly dessert without artificial sweeteners. Here's how to make it for two servings:

### Ingredients:
- 2 large apples (such as Fuji, Gala, or Honeycrisp)
- 1 teaspoon ground cinnamon
- 1/4 teaspoon ground nutmeg (optional)
- 1 tablespoon chopped nuts (like walnuts or pecans)
- 1 teaspoon lemon juice
- 1 tablespoon honey or maple syrup (optional, for a touch of sweetness)
- A pinch of salt

### Instructions:

1. **Preheat the Oven:** Set your oven to 350°F (175°C). Line a baking dish with parchment paper or lightly grease it to prevent sticking.

2. **Prepare the Apples:** Wash the apples thoroughly. Using a paring knife or corer, carefully remove the cores from each apple, creating a hollow center for the filling. You can cut a small slice off the bottom of each apple to help them sit flat if needed.

3. **Flavor the Apples:** In a small bowl, mix the cinnamon, nutmeg (if using), chopped nuts, salt, and lemon juice. If you prefer a sweeter dessert, add the honey or maple syrup to this mixture.

4. **Fill the Apples:** Spoon the cinnamon-nut mixture into the hollow centers of the apples, pressing gently to pack the filling.

5. **Bake:** Place the filled apples in the prepared baking dish. Cover loosely with aluminum foil to prevent excessive browning. Bake for 25–30 minutes, or until the apples are tender when pierced with a fork.

6. **Serve:** Allow the apples to cool slightly before serving. They can be enjoyed on their own or topped with a dollop of Greek yogurt for added creaminess.

### Nutritional Tip:
Using fresh apples with a touch of honey or maple syrup provides natural sweetness without artificial sweeteners. The fiber and antioxidants in apples make this a wholesome, diabetic-friendly dessert.

Enjoy your warm, fragrant baked cinnamon apples—perfect for a cozy evening!",True,,12_20,12,FAIL,"While it avoids artificial sweeteners, the recipe includes optional honey or maple syrup—both added sugars that can spike blood glucose and are generally discouraged in diabetic-friendly desserts. Using 2 large apples (one per serving) also results in a relatively high carbohydrate load (~20–25g net carbs per serving from the apple alone), and adding the sweetener (~8–9g sugar per serving) could push it higher, which is not ideal for glycemic control. The optional Greek yogurt could be acceptable if unsweetened, but the inclusion of added sugars makes it not clearly diabetic-friendly.",HIGH,True
Something that feels indulgent but isn't terrible for me,diabetic-friendly,"I recommend making **Grilled Chicken and Vegetable Quinoa Bowls** — a nutritious, satisfying dish that feels indulgent without being heavy. This recipe serves 2.

### Ingredients:
- 1 cup quinoa
- 2 boneless, skinless chicken breasts
- 1 red bell pepper, sliced
- 1 zucchini, sliced
- 1 tablespoon olive oil
- Salt and pepper to taste
- 1 teaspoon smoked paprika (optional)
- 1 teaspoon garlic powder
- 1 teaspoon dried oregano
- Lemon wedges for serving
- Fresh parsley or cilantro for garnish

### Instructions:

1. **Prepare the Quinoa:**
   - Rinse the quinoa under cold water using a fine mesh strainer.
   - In a medium pot, combine 1 cup of quinoa with 2 cups of water and a pinch of salt.
   - Bring to a boil over medium-high heat. Once boiling, reduce the heat to low, cover, and simmer for about 15 minutes, or until the water is absorbed and the quinoa is fluffy.
   - Remove from heat and let it sit, covered, for 5 minutes. Fluff with a fork and set aside.

2. **Season and Grill the Chicken:**
   - While the quinoa cooks, pat the chicken breasts dry.
   - In a small bowl, mix 1 teaspoon each of smoked paprika, garlic powder, dried oregano, salt, and pepper.
   - Rub the spice mixture evenly over both sides of the chicken.
   - Heat a grill pan or outdoor grill over medium-high heat.
   - Grill the chicken for about 6-7 minutes per side, or until fully cooked and juices run clear.
   - Let the chicken rest for a few minutes, then slice into strips.

3. **Cook the Vegetables:**
   - Toss the sliced bell pepper and zucchini with 1 tablespoon of olive oil, salt, and pepper.
   - Grill the vegetables alongside the chicken for about 3-4 minutes per side until tender and slightly charred.

4. **Assemble the Bowls:**
   - Divide the fluffy quinoa into two bowls.
   - Top with sliced chicken and grilled vegetables.
   - Squeeze fresh lemon juice over the top and garnish with chopped parsley or cilantro.

### Serving:
Enjoy your wholesome and indulgent-looking but healthy chicken and vegetable quinoa bowls, perfect for a satisfying lunch or dinner!",True,,50_11,50,FAIL,"The recipe uses 1 cup uncooked quinoa (cooked ~3 cups) for 2 servings, yielding ~1.5 cups cooked quinoa per serving. One cup cooked quinoa has ~39g carbs (~5g fiber), so each serving provides ~58–60g total carbs (~50g net). While quinoa is a whole grain with a moderate glycemic index, this carbohydrate load is high for many people with diabetes and may not reflect ""controlled carbohydrates."" The rest of the ingredients (chicken, non-starchy vegetables, olive oil, herbs) are appropriate, but the quinoa portion size makes the dish likely to cause a significant glycemic load without guidance for reduction or substitution.",MEDIUM,True
Paleo lunch that doesn't involve any nuts. but i can eat almonds - I'm allergic,paleo,"Certainly! Here's a delicious Paleo-friendly Almond-Crusted Chicken Salad that serves 2. It's nut-free in terms of peanuts, walnuts, or other common nuts, but you can enjoy almonds as a special touch if you're not allergic. Since you've mentioned an allergy to almonds, I will leave them out and focus on a flavorful, nut-free dish.

**Paleo Chicken Salad with Avocado and Cucumber**  
*Serves: 2*

**Ingredients:**  
- 2 boneless, skinless chicken breasts  
- 1 tablespoon olive oil  
- Salt and pepper, to taste  
- 1 teaspoon paprika (optional, for flavor)  
- 1 ripe avocado, diced  
- 1 cucumber, sliced into thin rounds  
- 1 cup cherry tomatoes, halved  
- 2 tablespoons olive oil (for dressing)  
- 1 tablespoon lemon juice or apple cider vinegar  
- Fresh herbs (like cilantro or parsley), chopped, for garnish  

**Steps:**  

1. **Prepare the Chicken:**  
   - Preheat your oven to 375°F (190°C).  
   - Rub the chicken breasts with olive oil, then season with salt, pepper, and paprika if using.  
   - Place the chicken on a baking sheet lined with parchment paper.  
   - Bake for 20-25 minutes, or until the internal temperature reaches 165°F (74°C).  
   - Once cooked, transfer to a plate and let cool for 5 minutes, then slice into strips or chunks.

2. **Prepare the Vegetables:**  
   - While the chicken is baking, dice the avocado and slice the cucumber into thin rounds.  
   - Halve the cherry tomatoes.

3. **Make the Dressing:**  
   - In a small bowl, whisk together 2 tablespoons of olive oil, lemon juice or vinegar, and a pinch of salt and pepper.

4. **Assemble the Salad:**  
   - In a large bowl, combine the cooked chicken, avocado, cucumber, and cherry tomatoes.  
   - Pour the dressing over the top and gently toss everything together until evenly coated.

5. **Garnish and Serve:**  
   - Sprinkle chopped fresh herbs over the salad for added flavor and color.  
   - Divide into two bowls and enjoy immediately!

This refreshing, nutrient-rich salad is perfect for a Paleo lunch, full of healthy fats, protein, and crisp vegetables—all without nuts or nuts derivatives. Would you like a different type of Paleo lunch recipe?",True,,6_2,6,PASS,"All listed ingredients and methods align with Paleo guidelines: no grains, legumes, dairy, refined sugar, or processed foods. Ingredients include chicken, olive oil, spices (salt, pepper, paprika), avocado, cucumber, cherry tomatoes, lemon juice or apple cider vinegar, and fresh herbs—all Paleo-compliant. Cooking method (baking) is appropriate. No nuts are included, addressing the user's stated allergy. Therefore, it adheres to Paleo.",HIGH,True
I'm diabetic but I want to make a fruit cake for Christmas. My grandmother's recipe has tons of sugar and dried fruit but it's tradition and I can't just skip it this year. Is there any way to modify it so I can still participate in the family tradition without spiking my blood sugar?,diabetic-friendly,"Absolutely! You can enjoy a festive fruit cake with a healthier twist by modifying the traditional recipe to reduce the sugar and incorporate diabetes-friendly ingredients. Here's a delicious Low-Sugar Christmas Fruit Cake for 2 people that captures the holiday spirit without overloading on sugar:

### Low-Sugar Christmas Fruit Cake (Serves 2)

#### Ingredients:
- 1/2 cup mixed dried fruits (such as raisins, dried apricots, and cranberries), preferably unsweetened or no-added-sugar versions
- 1/4 cup chopped nuts (walnuts or almonds)
- 2 tbsp unsweetened shredded coconut
- 2 tbsp chia seeds
- 1 small ripe banana, mashed (for natural sweetness and moisture)
- 2 large eggs
- 1 tbsp olive oil or melted coconut oil
- 1 tsp vanilla extract
- 1/2 tsp ground cinnamon
- 1/4 tsp ground ginger
- 1/4 tsp ground nutmeg
- 1/4 cup almond flour (low carb, gluten-free)
- 1 tbsp flaxseed meal (optional for added fiber)
- Pinch of salt

#### Instructions:

1. **Preheat Oven:** Set your oven to 350°F (175°C). Grease a small loaf pan or line it with parchment paper.

2. **Prepare Fruits & Nuts:** If using large dried fruits, chop them into smaller pieces to distribute evenly. In a small bowl, combine the dried fruits, chopped nuts, shredded coconut, and chia seeds. Set aside.

3. **Mash the Banana:** In a mixing bowl, mash the ripe banana until smooth. Add the eggs, oil, and vanilla extract, whisking well until combined.

4. **Mix Dry Ingredients:** In a separate bowl, whisk together the almond flour, flaxseed meal, cinnamon, ginger, nutmeg, and salt.

5. **Combine Wet & Dry:** Gradually fold the dry mixture into the wet ingredients, stirring gently until smooth and combined.

6. **Add Fruit & Nuts:** Gently fold in the prepared fruit and nut mixture into the batter, ensuring even distribution.

7. **Bake:** Pour the batter into your prepared loaf pan, smoothing the top with a spatula. Bake for 25-30 minutes, or until a toothpick inserted in the center comes out clean.

8. **Cool:** Remove from oven and let it cool in the pan for 10 minutes. Then, transfer to a wire rack and allow it to cool completely before slicing.

#### Serving:
Enjoy a slice of this fruit cake with unsweetened herbal tea or black coffee. It's naturally sweetened with banana and dried fruits, and packed with healthy fats and fiber to help keep your blood sugar stable.

Would you like a festive topping or accompaniment suggestions?",True,,22_4,22,FAIL,"Despite using almond flour and seeds, the recipe relies heavily on high-sugar fruits: 1/2 cup mixed dried fruit plus 1 small banana for only 2 servings. Estimated net carbs per serving are ~40–50g (dried fruit ~27–35g, banana ~11–12g, plus a few grams from other ingredients). Dried fruits (e.g., raisins) and banana have moderate-to-high glycemic impact and high carbohydrate density, making postprandial spikes likely. While there’s no added sugar, the carbohydrate load is not sufficiently controlled for a diabetic-friendly dessert per the stated definition (low GI, controlled carbs).",HIGH,True
I'm vegan and gluten-free and also hate vegetables. What can I eat?,vegan,"Certainly! I recommend trying a **Sweet Potato & Chickpea Coconut Curry**. It's hearty, flavorful, and vegan and gluten-free—plus, the sweet potatoes and chickpeas help disguise the vegetables for those who aren't fans of them.

### Sweet Potato & Chickpea Coconut Curry (Serves 2)

#### Ingredients:
- 2 medium sweet potatoes (~1 pound), peeled and diced into 1-inch cubes
- 1 can (15 oz) chickpeas, drained and rinsed
- 1 can (13.5 oz) coconut milk
- 1 tablespoon olive oil
- 1 small onion, finely chopped (optional, if tolerated)
- 2 garlic cloves, minced
- 1 teaspoon ground cumin
- 1 teaspoon turmeric
- 1 teaspoon smoked paprika
- ½ teaspoon chili powder (adjust to taste)
- Salt and pepper to taste
- Fresh cilantro for garnish (optional)
- Juice of half a lime (optional)

#### Instructions:

1. **Prepare the Base:**  
If using, heat the olive oil in a large skillet or saucepan over medium heat. Add the finely chopped onion and cook for 3-4 minutes until translucent. If you prefer to skip the onion, move to the next step.

2. **Add Aromatics & Spices:**  
Stir in the minced garlic, cumin, turmeric, smoked paprika, and chili powder. Cook for about 30 seconds until fragrant—be careful not to burn the garlic.

3. **Cook the Sweet Potatoes:**  
Add the diced sweet potatoes to the pan, stirring well to coat them with the spices. Cook for 5 minutes, allowing them to start softening.

4. **Add Coconut Milk & Chickpeas:**  
Pour in the coconut milk and stir in the chickpeas. Bring the mixture to a gentle simmer.

5. **Simmer:**  
Reduce the heat to low, cover, and let it simmer for about 15-20 minutes, or until the sweet potatoes are tender and the sauce has thickened slightly. Stir occasionally to prevent sticking.

6. **Season & Finish:**  
Taste and adjust salt, pepper, and chili levels if needed. Squeeze in fresh lime juice for brightness, if desired.

7. **Serve:**  
Ladle the curry into bowls, garnish with chopped cilantro, and enjoy! Serve with gluten-free rice or enjoy on its own.

This dish is warming, filling, and disguises the vegetables with the sweet potato, which many find more palatable. Enjoy your delicious, plant-based meal!",True,,29_37,29,PASS,"All ingredients are plant-based: sweet potatoes, chickpeas, coconut milk, olive oil, onion (optional), garlic, spices, cilantro, lime, salt, and pepper. There are no animal products (no meat, fish, dairy, eggs, or honey). Cooking uses olive oil (not butter/ghee) and standard simmering methods. Optional serving with rice is also vegan. Therefore, the recipe adheres to vegan requirements.",HIGH,True
I want paleo bread but every recipe I've tried is terrible,paleo,"Let's try a delicious and reliable paleo bread recipe that yields a soft, flavorful loaf perfect for toast, sandwiches, or just enjoying on its own. This recipe uses almond flour and tapioca flour, which give it a nice texture, and eggs for structure. Here’s how to make a Paleo Almond & Tapioca Bread:

**Ingredients (serves 2):**
- 1 cup almond flour (blanched)
- ½ cup tapioca flour
- 1 teaspoon baking soda
- ½ teaspoon sea salt
- 4 large eggs
- ¼ cup coconut milk (unsweetened)
- 2 tablespoons olive oil or melted coconut oil
- 1 teaspoon honey or a pinch of coconut sugar (optional, for a slight sweetness)
- 1 tablespoon apple cider vinegar

**Instructions:**

1. **Preheat your oven** to 350°F (175°C). Line a small loaf pan (8x4 inches) with parchment paper or lightly grease it with coconut oil.

2. **Mix dry ingredients:** In a large mixing bowl, whisk together the almond flour, tapioca flour, baking soda, and sea salt until evenly combined.

3. **Whisk wet ingredients:** In a separate bowl, beat the eggs until smooth. Add the coconut milk, olive oil, honey (if using), and apple cider vinegar. Whisk until the mixture is uniform.

4. **Combine:** Pour the wet ingredients into the dry ingredients and stir until a thick batter forms. Use a spatula to fold and ensure everything is well incorporated. The batter will be somewhat thick but moist.

5. **Transfer to pan:** Spoon the batter into your prepared loaf pan and smooth the top with a spatula.

6. **Bake:** Place the loaf pan in the preheated oven and bake for about 30-35 minutes, or until the top is golden brown and a toothpick inserted into the center comes out clean.

7. **Cool and serve:** Remove from the oven and let the bread cool in the pan for about 10 minutes. Then, transfer to a wire rack and cool completely before slicing.

**Serving suggestion:** Slice and enjoy toasted with avocado, almond butter, or your favorite paleo-friendly spread. This bread should stay fresh in an airtight container for a few days or can be frozen for longer storage.

Enjoy your homemade paleo bread with a perfect crust and tender crumb!",True,,17_10,17,PASS,"The recipe uses paleo-friendly ingredients: almond flour, tapioca flour (cassava), eggs, unsweetened coconut milk, olive/coconut oil, baking soda, sea salt, and apple cider vinegar—all compliant with paleo (no grains, legumes, dairy). Honey is acceptable on paleo in moderation. However, the optional coconut sugar is a processed sweetener and conflicts with the provided paleo definition (no refined sugar or processed foods). Since the sweetener is optional and honey can be used instead or omitted, the recipe can be prepared fully compliant.",MEDIUM,True
Raw vegan dessert for a potluck that won't weird people out,raw vegan,"Absolutely! I recommend preparing a **Raw Vegan Lemon Cashew Cheesecake**. It’s fresh, zesty, creamy, and irresistibly appealing — perfect for a potluck where you want something delicious but approachable. This dessert is free from processed sugars and dairy, and its bright flavor will please a crowd.

### Ingredients (serves 8)

**Crust:**
- 1 ½ cups medjool dates, pitted
- 1 cup raw almonds (or cashews if preferred)
- Zest of 1 lemon
- Pinch of sea salt

**Filling:**
- 1 ½ cups raw cashews, soaked in water for at least 4 hours
- ¼ cup fresh lemon juice (about 2 lemons)
- ¼ cup raw coconut oil, melted
- ¼ cup maple syrup or agave nectar
- Zest of 1 lemon
- 1 teaspoon vanilla extract
- ¼ cup water (as needed for blending)

### Instructions:

#### Prepare the Crust:
1. In a food processor, combine the pitted medjool dates, almonds, lemon zest, and a pinch of sea salt.
2. Pulse until the mixture is crumbly and sticky. If it’s too dry, add a couple of the soaked date water teaspoons.
3. Line a 6-inch springform pan with parchment paper. Press the crust mixture evenly across the bottom of the pan, using your hands or the back of a spatula to create a firm, flat layer.
4. Place the crust in the freezer while you prepare the filling.

#### Prepare the Filling:
1. Drain the soaked cashews and rinse them thoroughly.
2. In a high-speed blender or food processor, combine the soaked cashews, lemon juice, melted coconut oil, maple syrup, lemon zest, vanilla, and water.
3. Blend until very smooth and creamy, scraping down the sides as needed. Add a little more water if the mixture is too thick to blend smoothly.
4. Taste and adjust lemon juice or sweetener if desired.

#### Assemble:
1. Pour the cashew filling over the prepared crust, smoothing the top with a spatula.
2. Cover the pan lightly with plastic wrap or wax paper.
3. Freeze for at least 4 hours, or until firm.

#### Serve:
1. Before serving, allow the cheesecake to thaw at room temperature for about 10–15 minutes.
2. Slice with a sharp knife dipped in hot water for cleaner cuts.
3. Garnish with extra lemon zest or fresh berries if desired.

Enjoy this bright, creamy, and satisfying raw vegan dessert — a hit at any potluck!",True,,21_11,21,FAIL,"The recipe is vegan and uses no cooking heat, but it includes an optional sweetener ""maple syrup"" which is boiled during production and therefore not raw. This violates the raw vegan requirement. While agave nectar could be raw if specifically labeled as such, the recipe does not specify this, and the inclusion of maple syrup makes it non-compliant. Other elements (melting coconut oil gently, vanilla extract) could be raw-compliant if handled below 118°F, but the explicit maple syrup option causes a fail.",HIGH,True
Keto meal that doesn't make me feel gross,keto,"Here's a delicious and satisfying keto-friendly recipe: **Garlic Butter Shrimp with Zucchini Noodles**. It's flavorful, light, and keeps you feeling great without that heavy, gross feeling.

### Ingredients (serves 2):
- 1 pound large shrimp, peeled and deveined
- 2 medium zucchinis
- 3 tablespoons unsalted butter
- 4 cloves garlic, minced
- 1 teaspoon paprika (optional, for a smoky flavor)
- Salt and freshly ground black pepper to taste
- 1 tablespoon olive oil
- 1 teaspoon lemon juice
- Fresh parsley, chopped (for garnish)
- Red pepper flakes (optional, for a bit of heat)

### Instructions:

1. **Prepare the Zucchini Noodles:**
   - Using a spiralizer, julienne peeler, or vegetable peeler, cut the zucchinis into thin, noodle-like strips. Set aside.

2. **Cook the Shrimp:**
   - Pat the shrimp dry with paper towels.
   - In a large skillet, heat 1 tablespoon olive oil over medium heat.
   - Add the shrimp to the skillet, season with salt, pepper, and paprika (if using).
   - Cook for about 2-3 minutes on each side, until they turn pink and opaque.
   - Remove the shrimp from the skillet and set aside.

3. **Make the Garlic Butter:**
   - In the same skillet, reduce heat to medium.
   - Add the butter and let it melt.
   - Add the minced garlic and cook for about 1 minute until fragrant. Be careful not to burn the garlic.

4. **Cook the Zucchini Noodles:**
   - Add the zucchini noodles to the skillet with the garlic butter.
   - Toss gently to coat and cook for 2-3 minutes until just tender but still slightly crisp.
   - Squeeze lemon juice over the noodles for freshness.

5. **Combine & Serve:**
   - Return the cooked shrimp to the skillet with the zucchini noodles.
   - Toss gently to incorporate everything evenly.
   - Garnish with chopped parsley and red pepper flakes if desired.
   - Serve immediately, portioned out for two.

**Enjoy your light, flavorful keto meal that leaves you satisfied without feeling gross!**",True,,30_30,30,PASS,"The recipe uses low-carb ingredients: shrimp, zucchini noodles, butter, olive oil, garlic, lemon juice, and spices. No grains, sugars, starchy vegetables, or high-carb additives are included. Estimated net carbs: two medium zucchinis (~12g), 4 cloves garlic (~4g), 1 tsp lemon juice (~1g), spices/herbs negligible — about 17g net carbs for the whole recipe, ~8–9g per serving, which fits keto. It’s higher in fat (butter + olive oil) with moderate-to-high protein from shrimp, aligning with keto macros. Cooking methods do not introduce carbs.",HIGH,True
Low-carb pasta substitute that my Italian grandmother won't disown me for,low-carb,"Certainly! A classic and delicious low-carb pasta substitute that your Italian grandmother will appreciate is **Zucchini Noodles (Zoodles) with Garlic and Cherry Tomatoes**. It’s a fresh, healthy, and flavorful dish that honors traditional Italian flavors while being low in carbs.

### Zucchini Noodles with Garlic and Cherry Tomatoes
**Serves:** 2

---

### Ingredients:
- 2 large zucchinis
- 1 cup cherry tomatoes, halved
- 3 cloves garlic, minced
- 2 tablespoons olive oil
- 1/4 teaspoon red pepper flakes (optional)
- Salt and freshly ground black pepper, to taste
- Fresh basil leaves, chopped (for garnish)
- Freshly grated Parmesan cheese (optional, for serving)

---

### Instructions:

1. **Prepare the Zucchini Noodles:**
   - Wash the zucchinis thoroughly.
   - Using a spiralizer, vegetable peeler, or julienne peeler, create long, thin noodles from the zucchinis. If using a peeler, run it lengthwise down the zucchini to create ribbon-like noodles.
   - Place the zucchini noodles in a colander, sprinkle lightly with salt, and let sit for 10 minutes to draw out excess moisture. Gently squeeze to remove any remaining liquid, then set aside.

2. **Heat the Olive Oil:**
   - In a large skillet or frying pan, heat the 2 tablespoons of olive oil over medium heat.

3. **Sauté Garlic and Tomatoes:**
   - Add the minced garlic to the skillet and sauté for about 30 seconds until fragrant.
   - Add the cherry tomatoes and red pepper flakes (if using). Cook for 2-3 minutes until the tomatoes start to burst and soften. Season with a pinch of salt and pepper.

4. **Cook the Zucchini Noodles:**
   - Add the prepared zucchini noodles to the skillet with the tomatoes and garlic.
   - Toss gently with tongs or a fork to coat the noodles evenly.
   - Cook for 2-3 minutes until the zucchini is tender but still slightly crisp. Be careful not to overcook, as zucchini can become mushy.

5. **Finish and Serve:**
   - Remove from heat. Taste and adjust seasoning with salt and pepper.
   - Garnish with chopped fresh basil leaves.
   - If desired, sprinkle with freshly grated Parmesan cheese.

---
### Serving:
Plate the zucchini noodles warm, offering additional Parmesan on the side. This dish pairs beautifully with a glass of chilled white wine or sparkling water with lemon.

---

Enjoy a fresh, flavorful Italian-inspired low-carb pasta that your grandmother would approve of!",True,,25_13,25,PASS,"The recipe uses zucchini noodles, olive oil, garlic, cherry tomatoes, basil, and optional Parmesan. Zucchini is very low in carbs; cherry tomatoes add a modest amount; garlic adds minimal carbs; olive oil and Parmesan are essentially carb-free. No grains, sugars, or high-carb ingredients are included. Estimated net carbs per serving are roughly 8–12g, which fits a low-carb approach (<50g/day). Cooking method does not add carbs. Optional wine pairing is not part of the recipe itself.",HIGH,True
I'm pescatarian but shellfish makes me sick,pescatarian,"Great! I'll recommend a delicious and satisfying pescatarian recipe that excludes shellfish. How about a **Lemon Garlic Baked Salmon with Roasted Vegetables**? It's simple, healthy, and packed with flavor.

---

### Lemon Garlic Baked Salmon with Roasted Vegetables  
**Serving size:** 2 people

#### Ingredients:
- 2 salmon fillets (about 4-6 oz each)
- 1 lemon (for juice and zest)
- 3 cloves garlic, minced
- 2 tbsp olive oil
- Salt and freshly ground black pepper
- 1 tsp dried thyme or dill (your choice)
- 1 cup cherry tomatoes
- 1 medium zucchini, sliced
- 1 small bell pepper, sliced
- 1 small red onion, sliced
- Fresh parsley for garnish (optional)

#### Instructions:

1. **Preheat your oven** to 400°F (200°C). Line a baking sheet with parchment paper for easy cleanup.

2. **Prepare the marinade:** In a small bowl, combine the juice of half the lemon, the zest of the lemon, minced garlic, 1 tablespoon of olive oil, salt, pepper, and your chosen herbs (dried thyme or dill).

3. **Marinate the salmon:** Place the salmon fillets on a plate or dish. Spoon half of the marinade over the fillets, making sure they are nicely coated. Let them sit for about 10-15 minutes while you prepare the vegetables.

4. **Prepare the vegetables:** In a large bowl, toss cherry tomatoes, zucchini, bell pepper, and red onion with the remaining 1 tablespoon of olive oil, a pinch of salt, pepper, and a squeeze of lemon juice. Spread the vegetables evenly on the prepared baking sheet.

5. **Bake the vegetables:** Place the sheet in the oven and roast for about 10 minutes.

6. **Add the salmon:** Remove the baking sheet from the oven, make space among the vegetables, and place the salmon fillets on the sheet. Brush the remaining marinade over the fillets.

7. **Continue baking:** Return the sheet to the oven and bake for another 12-15 minutes, or until the salmon is cooked through and flakes easily with a fork.

8. **Serve:** Plate the salmon alongside the roasted vegetables. Garnish with fresh parsley and extra lemon wedges if desired.

---

Enjoy your healthy and flavorful Lemon Garlic Baked Salmon with Roasted Vegetables! It's perfect for a light yet satisfying dinner.",True,,55_38,55,PASS,"The pescatarian diet allows fish and seafood but excludes meat from land animals. The user also notes shellfish intolerance. The recipe features salmon (fish) and plant-based ingredients (lemon, garlic, olive oil, tomatoes, zucchini, bell pepper, red onion, herbs) with no meat, poultry, or shellfish. Preparation methods (marinating, roasting, baking) do not introduce non-compliant ingredients. Therefore, it aligns with pescatarian guidelines and the user's shellfish avoidance.",HIGH,True
I don't like vegetables but I want to eat healthy,vegetarian,"Certainly! How about trying a tasty and healthy **Grilled Lemon Herb Chicken**? It’s rich in protein, flavorful, and doesn't include vegetables—you'll still get a nutritious meal. 

### Grilled Lemon Herb Chicken
**Serves:** 2

#### Ingredients:
- 2 boneless, skinless chicken breasts
- 2 tablespoons olive oil
- Juice of 1 lemon
- 2 garlic cloves, minced
- 1 teaspoon dried oregano or thyme
- 1 teaspoon salt
- ½ teaspoon black pepper
- Fresh parsley (optional, for garnish)

#### Instructions:
1. **Prepare the marinade:** 
   - In a small bowl, combine olive oil, lemon juice, minced garlic, dried oregano (or thyme), salt, and black pepper. Mix well.
   
2. **Marinate the chicken:** 
   - Place chicken breasts in a shallow dish or zip-top bag.
   - Pour the marinade over the chicken, ensuring each piece is well coated.
   - Cover or seal and refrigerate for at least 30 minutes. For more flavor, marinate for up to 2 hours.
   
3. **Preheat the grill:** 
   - Turn your grill to medium-high heat. If you're using a stovetop grill pan, heat over medium-high and lightly oil the surface.
   
4. **Grill the chicken:** 
   - Remove chicken from marinade, letting excess drip off.
   - Place chicken breasts on the grill.
   - Cook for about 6-7 minutes on each side, or until the internal temperature reaches 165°F (75°C) and the juices run clear.
   
5. **Rest and serve:** 
   - Transfer the cooked chicken to a plate and let it rest for 5 minutes.
   - Garnish with chopped fresh parsley if desired.
   
6. **Enjoy:** 
   - Serve your grilled lemon herb chicken with your favorite side, like rice or potatoes, for a healthy, satisfying meal!

Would you like a recipe for a simple side dish to complement this?",True,,38_15,38,FAIL,"The recipe features boneless, skinless chicken breasts as the main ingredient. Vegetarian diets exclude all meat and poultry. While other ingredients (olive oil, lemon, garlic, herbs) are vegetarian-friendly, the inclusion of chicken violates the vegetarian restriction.",HIGH,True
I'm diabetic but I want to make a fruit cake for Christmas. My grandmother's recipe has tons of sugar and dried fruit but it's tradition and I can't just skip it this year. Is there any way to modify it so I can still participate in the family tradition without spiking my blood sugar?,diabetic-friendly,"Absolutely! You can enjoy a delicious, festive fruit cake that’s lower in sugar and more diabetic-friendly while honoring your family tradition. Here is a modified recipe using fresh fruit, natural sweeteners, and healthier ingredients. This recipe yields 2 servings.

### Low-Sugar Christmas Fruit Cake (Diabetic-Friendly)

#### Ingredients:
- 1/2 cup chopped fresh or frozen berries (strawberries, blueberries, or raspberries)
- 1/4 cup chopped fresh apple (no sugar-added)
- 1/4 cup chopped nuts (walnuts or almonds)
- 1/4 cup unsweetened apple sauce or mashed banana (for moisture)
- 1 large egg
- 2 tbsp almond flour or coconut flour
- 1 tbsp ground flaxseed
- 1 tsp baking powder
- 1/2 tsp cinnamon
- 1/4 tsp nutmeg
- 1 tsp vanilla extract
- 2-3 drops liquid stevia (optional, for additional sweetness)
- Zest of half a lemon or orange (for festive flavor)
- A pinch of salt

#### Instructions:

1. **Preheat your oven** to 350°F (175°C). Lightly grease a small loaf pan or ramekins with a little butter or non-stick spray.

2. **Prepare the fruit and nuts:** In a small bowl, mix the chopped berries, apple, and nuts. This adds natural sweetness and texture.

3. **Combine wet ingredients:** In a larger bowl, whisk together the egg, unsweetened apple sauce (or mashed banana), vanilla extract, and stevia drops for sweetness.

4. **Mix dry ingredients:** In a separate bowl, whisk together the almond or coconut flour, ground flaxseed, baking powder, cinnamon, nutmeg, salt, and lemon/orange zest.

5. **Combine all:** Add the dry mixture into the wet ingredients and stir until just combined. Gently fold in the fruit and nuts.

6. **Bake:** Pour the batter into your prepared loaf pan or ramekins. Smooth the top with a spatula. Bake for about 20-25 minutes, or until a toothpick inserted into the center comes out clean.

7. **Cool and serve:** Allow the cake to cool slightly before slicing. This small portion can be enjoyed as part of your holiday celebration without a blood sugar spike.

---

This cake is rich with flavor and festive spices, yet mindful of blood sugar levels. Feel free to add a dollop of unsweetened whipped cream or Greek yogurt on the side for added indulgence. Enjoy and happy holidays!",True,,22_3,22,PASS,"The recipe avoids added sugar and dried fruit, uses low-carb flours (almond/coconut) and flaxseed for fiber, includes nuts and egg for fat/protein, and relies on small amounts of fresh fruit plus optional stevia. Portion control (2 servings) keeps total carbs per serving in a moderate range for many with diabetes (~10–16g net carbs depending on fruit choices). While ingredients like unsweetened applesauce and especially the banana option can raise the carbohydrate load and glycemic impact, the overall composition and serving size keep carbs controlled. Choosing lower-sugar berries (raspberries/strawberries) and applesauce instead of banana further improves glycemic friendliness. No preparation methods increase glycemic load beyond baking. Overall, it reasonably fits a diabetic-friendly approach.",MEDIUM,True
Nut-free lunch that's safe for my kid's school,nut-free,"Certainly! Here's a tasty and nut-free lunch idea perfect for your child's school day: **Turkey and Veggie Wraps**.

### Ingredients (Serves 2):
- 2 large flour tortillas (look for nut-free certification)
- 4 slices of cooked turkey breast or slices from the deli (check for nut-free processing)
- 1 small cucumber, thinly sliced
- 1 medium carrot, grated
- 1 small bell pepper (any color), thinly sliced
- 2 leaves of romaine or lettuce
- 2 tablespoons cream cheese or hummus (your choice, but check for nut-free)
- Optional: a dash of black pepper or herbs for flavor

### Instructions:
1. **Prepare the Wraps:** Lay the flour tortillas flat on a clean surface. If desired, warm them slightly in a dry skillet or microwave for 10 seconds to make rolling easier.
  
2. **Spread the Base:** Evenly spread 1 tablespoon of cream cheese or hummus onto each tortilla, leaving about an inch border around the edges. This adds flavor and helps hold the fillings in place.
   
3. **Layer the Fillings:** Place one lettuce leaf on the lower third of each tortilla. Layer two slices of turkey on top of the lettuce.
   
4. **Add Veggies:** Distribute the thin cucumber slices, grated carrots, and bell pepper slices on top of the turkey, dividing equally between the two wraps.
   
5. **Roll Up:** Carefully roll the tortilla tightly from the bottom edge, tucking in the sides as you go to prevent spilling. Use a toothpick if needed to keep the wrap together, then remove it before packing.
   
6. **Slice and Pack:** Cut each wrap diagonally into two halves for easier eating. Pack in a reusable container, along with a piece of fruit and a small bottle of water or juice.

### Tips:
- You can prepare these wraps the night before and keep them refrigerated.
- Feel free to add other safe vegetables your child enjoys!
- Always double-check the labels for nut-free certification, especially in processed ingredients.

These wraps are delicious, easy to eat, and safe for school! Would you like another recipe?",True,,59_33,59,PASS,"The recipe contains no peanuts or tree nuts. Ingredients listed—flour tortillas, turkey, vegetables, cream cheese or hummus—are inherently nut-free (noting that hummus may contain sesame/tahini, which is not a nut). The response also advises checking labels for nut-free processing/certification to avoid cross-contamination. No cooking methods introduce nut products.",HIGH,True
Halal pasta recipe - is that even a thing?,halal,"Absolutely! Halal pasta recipes are very common and delicious, suitable for those following Islamic dietary guidelines. Here's a flavorful and easy **Halal Chicken and Vegetable Pasta** recipe for 2 people.

### Ingredients:
- 200g (7 oz) pasta (penne or spaghetti)
- 2 boneless, skinless halal chicken breasts, sliced into strips
- 2 tablespoons olive oil
- 3 cloves garlic, minced
- 1 small onion, chopped
- 1 bell pepper (any color), sliced
- 1 cup cherry tomatoes, halved
- 1 teaspoon dried oregano
- 1 teaspoon dried basil
- Salt and pepper to taste
- 1/4 teaspoon red pepper flakes (optional for heat)
- 1/2 cup grated Parmesan cheese or a halal alternative
- Fresh parsley, chopped (for garnish)

### Instructions:
1. **Cook the Pasta:**
   - Bring a large pot of salted water to a boil.
   - Add the pasta and cook according to package instructions until al dente, usually about 8-10 minutes.
   - Drain the pasta, reserving about 1/2 cup of pasta water for later, then set aside.

2. **Prepare the Chicken:**
   - While the pasta is cooking, heat 1 tablespoon of olive oil in a large skillet over medium-high heat.
   - Add the sliced chicken breast, season with salt, pepper, and half of the oregano and basil.
   - Cook for 5-7 minutes, stirring occasionally, until the chicken is cooked through and nicely browned.
   - Remove chicken from the skillet and set aside.

3. **Sauté the Vegetables:**
   - In the same skillet, add the remaining tablespoon of olive oil.
   - Add the chopped onion and cook for 2-3 minutes until translucent.
   - Add the garlic and cook for another minute until fragrant.
   - Toss in the bell pepper and cherry tomatoes, cook for 3-4 minutes until the vegetables are tender but still vibrant.

4. **Combine:**
   - Return the cooked chicken to the skillet.
   - Add the cooked pasta to the skillet with the vegetables and chicken.
   - If the mixture seems dry, add a splash of the reserved pasta water to loosen it up.
   - Sprinkle the remaining oregano, basil, red pepper flakes (if using), and grated Parmesan over the top.
   - Toss everything gently until well combined and heated through.

5. **Serve:**
   - Plate the pasta onto dishes.
   - Garnish with chopped fresh parsley.
   - Serve hot with extra Parmesan on the side if desired.

Enjoy your flavorful and fulfilling Halal chicken and vegetable pasta!",True,,28_9,28,FAIL,"The recipe mostly aligns with Halal guidelines: it specifies halal chicken and contains no alcohol or pork. However, it includes Parmesan cheese and even suggests serving extra Parmesan. Traditional Parmesan (Parmigiano-Reggiano) is typically made with animal rennet from non-halal slaughtered animals, which is generally not halal. While the recipe mentions 'or a halal alternative,' it does not clearly require halal-certified or microbial/vegetarian-rennet cheese and explicitly encourages extra Parmesan, creating a significant risk of non-halal compliance.",HIGH,True
Something not too carb-y for dinner,low-carb,"Certainly! How about a delicious **Lemon Herb Grilled Chicken Salad**? It’s light, flavorful, and low in carbs. Perfect for a satisfying dinner for two.

### Lemon Herb Grilled Chicken Salad

#### Ingredients:
- 2 boneless, skinless chicken breasts
- 1 lemon (for zest and juice)
- 2 tablespoons olive oil
- 2 cloves garlic, minced
- 1 teaspoon dried oregano or thyme
- Salt and freshly ground black pepper, to taste
- 4 cups mixed salad greens (arugula, spinach, romaine)
- 1 cucumber, sliced
- 1 small red onion, thinly sliced
- 1/4 cup crumbled feta cheese (optional)
- Extra lemon wedges for serving

#### Instructions:

1. **Prepare the marinade:**
   - In a small bowl, combine the juice and zest of one lemon, 1 tablespoon olive oil, minced garlic, dried herbs, salt, and pepper.
   - Mix well to create a marinade.

2. **Marinate the chicken:**
   - Place the chicken breasts in a resealable plastic bag or shallow dish.
   - Pour the marinade over the chicken, ensuring each piece is well coated.
   - Seal and refrigerate for at least 30 minutes, or up to 2 hours for more flavor.

3. **Preheat your grill or grill pan:**
   - Heat to medium-high (about 375°F/190°C).

4. **Grill the chicken:**
   - Remove the chicken from the marinade, letting excess drip off.
   - Place on the grill and cook for about 6-7 minutes per side, or until the internal temperature reaches 165°F (75°C).
   - Remove from the grill and let rest for 5 minutes before slicing.

5. **Prepare the salad:**
   - In a large bowl, combine the mixed greens, cucumber slices, and red onion.
   - Drizzle with a little olive oil and lemon juice, tossing gently to coat.

6. **Assemble the plate:**
   - Slice the grilled chicken thinly.
   - Arrange the salad greens on plates and top with sliced chicken.
   - Sprinkle with feta cheese if using.
   - Serve with lemon wedges for extra zing.

### Serving:
This recipe makes two hearty, low-carb dinners. Feel free to add some avocado slices or olives for extra flavor and healthy fats!

Enjoy your fresh, flavorful, low-carb dinner!",True,,39_33,39,PASS,"The recipe centers on grilled chicken and a salad of mixed greens, cucumber, and red onion with olive oil and lemon—ingredients that are naturally low in carbohydrates. There are no grains, starchy vegetables, sugary dressings, or sweeteners included. Lemon juice and onion contribute minimal carbs, and the optional feta adds negligible carbs per serving. Suggested add-ins (avocado, olives) are also low-carb. Overall, the dish fits a low-carb dinner profile well.",HIGH,True
Raw vegan meal that's actually filling,raw vegan ,"Here's a satisfying raw vegan meal that's both delicious and filling: **Raw Vegan Sesame Noodle Salad**. This recipe serves 2 and combines hearty noodles with a flavorful sesame sauce, topped with crunchy veggies and nuts for added texture and protein.

### Ingredients:
- 2 large zucchinis (to make zucchini noodles)
- 1 large carrot
- 1 bell pepper (any color)
- 1/4 cup raw tahini
- 2 tablespoons tamari or soy sauce (gluten-free if needed)
- 1 tablespoon fresh lemon juice
- 1 tablespoon maple syrup or agave nectar
- 1 teaspoon grated fresh ginger
- 1 garlic clove, minced
- 2 tablespoons water (more if needed)
- 2 tablespoons sesame seeds
- 1/4 cup chopped roasted cashews or almonds
- Optional: chopped green onions or cilantro for garnish

### Instructions:

1. **Prepare the noodles:**  
Use a spiralizer to create zucchini noodles from the zucchinis. If you don't have a spiralizer, you can use a vegetable peeler to make long, thin strips or buy pre-spiralized zucchini. Place the noodles in a large mixing bowl.

2. **Slice the vegetables:**  
Thinly julienne the carrot and bell pepper. Add these to the zucchini noodles. Mix everything gently to combine.

3. **Make the sesame sauce:**  
In a small bowl, whisk together the tahini, tamari, lemon juice, maple syrup, grated ginger, minced garlic, and water. Keep whisking until the sauce is smooth and pourable. If it's too thick, add a bit more water, a teaspoon at a time, until you reach your desired consistency.

4. **Combine:**  
Pour the sesame sauce over the noodle and vegetable mixture. Toss everything well so that the noodles and veggies are evenly coated with the sauce.

5. **Add toppings:**  
Sprinkle the sesame seeds and chopped nuts over the top for crunch. Garnish with chopped green onions or cilantro if desired.

6. **Serve:**  
Divide the salad into two bowls and enjoy immediately for a fresh, filling, raw vegan meal. The protein from tahini and nuts helps make this dish truly satisfying!

This hearty raw vegan noodle salad is loaded with crunchy vegetables, healthy fats, and protein. It’s perfect for a nourishing lunch or light dinner that keeps you full and energized!",True,,60_35,60,FAIL,"The recipe is vegan and uses raw vegetables, but it includes ingredients that are not raw: (1) tamari/soy sauce is typically pasteurized and not raw unless explicitly unpasteurized (nama shoyu), which is not specified; (2) maple syrup is boiled and not raw; (3) it calls for chopped roasted cashews or almonds, which are heated above raw thresholds. While agave nectar can sometimes be labeled raw, most commercial agave is heat-processed, and the recipe does not specify a raw version. These elements violate the raw vegan requirement.",HIGH,True
I want paleo bread but every recipe I've tried is terrible,paleo,"Let me introduce you to a simple and delicious Paleo Almond Coconut Bread that’s both moist and flavorful, perfect for breakfast or snacks. This recipe is free of grains, dairy, and refined sugars, making it suitable for your Paleo needs. It yields about 8 slices, enough for 2 people to enjoy over a couple of days.

### Paleo Almond Coconut Bread

**Ingredients:**
- 1 ½ cups almond flour
- ¼ cup shredded unsweetened coconut
- 1 teaspoon baking soda
- ½ teaspoon sea salt
- 4 large eggs
- ¼ cup coconut oil, melted
- 1 tablespoon honey or maple syrup (optional, for a touch of sweetness)
- 1 teaspoon apple cider vinegar

**Instructions:**

1. **Preheat your oven** to 350°F (175°C). Line a loaf pan (8x4 inch) with parchment paper or lightly grease it with coconut oil to prevent sticking.

2. **Combine dry ingredients:** In a large mixing bowl, whisk together the almond flour, shredded coconut, baking soda, and sea salt until well mixed.

3. **Mix wet ingredients:** In a separate bowl, beat the eggs until frothy. Add the melted coconut oil, honey (if using), and apple cider vinegar. Whisk until smooth and combined.

4. **Combine wet and dry:** Pour the wet mixture into the dry ingredients. Stir well until you get a thick batter. The batter will be slightly sticky but cohesive.

5. **Pour into the pan:** Transfer the batter into your prepared loaf pan. Use a spatula to spread it evenly and smooth the top.

6. **Bake:** Place in the oven and bake for about 30-35 minutes, or until the top is golden brown and a toothpick inserted in the center comes out clean.

7. **Cool:** Remove the bread from the oven and let it cool in the pan for about 10 minutes. Then, transfer it to a wire rack to cool completely before slicing.

8. **Serve:** Slice and enjoy! This bread is great toasted with almond butter or topped with fresh berries.

**Tip:** Store leftovers in an airtight container at room temperature for up to 2 days, or refrigerate for longer freshness.

This Paleo Almond Coconut Bread offers a moist, tasty alternative to traditional bread—perfect for grain-free, dairy-free lifestyles. Would you like a suggestion for a tasty topping or a specific flavor variation next?",True,,17_19,17,PASS,"The recipe uses almond flour and shredded unsweetened coconut instead of grains, meeting Paleo’s no-grains rule. It contains no legumes, dairy, refined sugar, or processed ingredients. Eggs, coconut oil, sea salt, baking soda, and apple cider vinegar are all Paleo-compliant. The optional honey or maple syrup is a natural sweetener typically allowed on Paleo in moderation. Baking method and suggested serving are compliant.",HIGH,True
Vegan chocolate cake for my birthday but I'm also trying to avoid refined sugar,vegan,"Here's a delightful vegan, refined-sugar-free chocolate cake recipe perfect for your birthday! This cake is rich, moist, and full of natural sweetness from wholesome ingredients. Makes 8-10 slices, ideal for 2 people for a special celebration.

### Vegan Refined-Sugar-Free Chocolate Cake

#### Ingredients:
- 1 cup (120g) oat flour (you can make this by blending rolled oats until fine)
- ½ cup (60g) almond flour
- ½ cup (40g) cacao powder (unsweetened)
- 1 teaspoon baking soda
- 1/4 teaspoon salt
- 1 ripe banana, mashed (for natural sweetness and moisture)
- 1/4 cup (60ml) maple syrup or agave nectar
- 1/4 cup (60ml) unsweetened apple sauce
- 1 teaspoon vanilla extract
- 1/2 cup (120ml) almond milk or other plant milk
- 2 tablespoons apple cider vinegar

### Optional for frosting:
- 1/2 cup (120g) coconut yogurt
- 2 tablespoons cacao powder
- 1 tablespoon maple syrup (optional, for sweetness)

---

### Instructions:

1. **Preheat your oven** to 350°F (175°C). Lightly grease an 8-inch round cake pan or line it with parchment paper for easy removal.

2. **Prepare dry ingredients:** In a large mixing bowl, whisk together the oat flour, almond flour, cacao powder, baking soda, and salt until evenly combined.

3. **Mix wet ingredients:** In a separate bowl, mash the ripe banana until smooth. Add the maple syrup, apple sauce, vanilla extract, almond milk, and apple cider vinegar. Whisk until well combined.

4. **Combine wet and dry:** Pour the wet mixture into the dry ingredients. Stir gently with a spatula or spoon until just combined. Do not overmix; the batter will be thick but pourable.

5. **Bake the cake:** Pour the batter into your prepared cake pan and smooth the top with a spatula. Place in the oven and bake for about 25-30 minutes, or until a toothpick inserted into the center comes out clean.

6. **Cool:** Remove the cake from the oven and let it cool in the pan for about 10 minutes. Then transfer it to a wire rack and allow it to cool completely before frosting.

7. **(Optional) Make the frosting:** Mix coconut yogurt with cacao powder and maple syrup until smooth. Spread over the cooled cake for a creamy, chocolaty topping.

8. **Serve:** Slice and enjoy your wholesome, vegan, refined-sugar-free chocolate cake! Perfect for celebrating your birthday with a healthy twist.

Would you like a simple frosting recipe or suggestions for toppings?",True,,13_12,13,PASS,"The recipe uses only plant-based ingredients: oat flour, almond flour, cacao powder, banana, maple syrup/agave, applesauce, vanilla, almond (plant) milk, and apple cider vinegar. The optional frosting uses coconut yogurt, cacao, and maple syrup. There are no animal-derived ingredients (no dairy, eggs, honey, gelatin, or butter). The instruction to grease the pan is in a vegan context and can be done with plant oil; alternatively, parchment lining is provided, ensuring adherence. Therefore, it complies with vegan requirements.",HIGH,True
Dairy-free but cheese is okay sometimes,dairy-free,"Let's try a delicious Dairy-Free Chicken and Vegetable Stir-Fry! It's flavorful, quick, and perfect for two servings. The cheese is optional—so you can add a sprinkle of your favorite dairy-free cheese or skip it altogether for a completely dairy-free dish.

### Ingredients:
- 2 boneless, skinless chicken breasts, sliced into thin strips
- 1 tablespoon vegetable oil (or olive oil)
- 1 red bell pepper, thinly sliced
- 1 yellow bell pepper, thinly sliced
- 1 cup broccoli florets
- 2 cloves garlic, minced
- 1-inch piece fresh ginger, grated
- 3 tablespoons soy sauce (or tamari for gluten-free)
- 1 teaspoon honey or maple syrup
- Optional: dairy-free cheese for topping
- Salt and pepper to taste
- Cooked rice or rice noodles, for serving

### Instructions:

1. **Prep the Ingredients:**  
   Slice the chicken breasts into thin strips for quick cooking. Julienne the red and yellow peppers. Break the broccoli into small florets. Mince the garlic and grate the ginger.

2. **Cook the Chicken:**  
   Heat the vegetable oil in a large skillet or wok over medium-high heat. Once hot, add the chicken strips. Season with a pinch of salt and pepper. Cook, stirring occasionally, until the chicken is browned and cooked through, about 5-6 minutes. Remove from the skillet and set aside.

3. **Stir-Fry the Vegetables:**  
   In the same skillet, add a bit more oil if needed. Add the minced garlic and grated ginger, sauté for about 30 seconds until fragrant. Then, add the sliced peppers and broccoli. Stir-fry for about 4-5 minutes until vegetables are tender but still crisp.

4. **Combine and Flavor:**  
   Return the cooked chicken to the skillet. Pour in the soy sauce and honey, stirring well to coat everything evenly. Cook for another 2-3 minutes to allow the flavors to meld.

5. **Serve:**  
   Divide the stir-fry between two plates. If desired, sprinkle with dairy-free cheese for extra flavor and creaminess. Serve hot over cooked rice or rice noodles.

Enjoy this wholesome, flavorful, and dairy-free meal that's perfect for a quick weeknight dinner!",True,,47_25,47,PASS,"The recipe contains no dairy ingredients (no milk, butter, cheese, yogurt, cream). It uses vegetable/olive oil for cooking and offers only an optional dairy-free cheese topping, explicitly specifying dairy-free. All other ingredients (chicken, vegetables, soy sauce, honey/maple syrup, rice/noodles) are dairy-free. The method does not introduce dairy. Despite the query mentioning cheese sometimes, the recipe itself maintains dairy-free compliance.",HIGH,True
